"","Linf","K","t0"
"1",22.2012365971111,0.172531460817305,-0.904678274949292
"2",27.6539934035874,0.129904586587588,-0.961017540912201
"3",19.7459592142827,0.200379738865178,-0.907140154084468
"4",17.3890536401863,0.247479558812668,-0.834367019684215
"5",15.8083938922388,0.284247012888132,-0.807993838766001
"6",16.5575623379672,0.271327144953974,-0.79174743005024
"7",17.3903667041506,0.237100088347591,-0.868473934624872
"8",17.3397474393335,0.240876938086077,-0.87094588349421
"9",16.7670732116028,0.259309658858789,-0.815772444720469
"10",16.5469226346987,0.274857758043713,-0.770153716213568
"11",15.7261932915836,0.27631863552463,-0.846435077469588
"12",16.6922052811578,0.265747921084398,-0.773453046130759
"13",14.9663935054069,0.305576622652167,-0.786062892859592
"14",15.919002719856,0.280055770708302,-0.797260768675586
"15",18.5372971079327,0.223177224532906,-0.872228379674031
"16",17.8836081002454,0.236195365513122,-0.830440950275319
"17",19.1591000093486,0.21541228366214,-0.832833634699831
"18",15.9258772453963,0.28060525277377,-0.810517405233121
"19",20.817649573445,0.190123804280588,-0.872990544207646
"20",13.500718324389,0.36210392310965,-0.748816125607414
"21",16.2429257544276,0.28115085280347,-0.758717126435565
"22",16.4900322369658,0.266417164151227,-0.809885572300326
"23",16.9215593643533,0.249603909465135,-0.839226953092777
"24",18.5278158204393,0.227390805177374,-0.830173514976909
"25",16.0040892399859,0.278374324251193,-0.793342624478113
"26",16.1425300027364,0.279457949448078,-0.798095399833504
"27",17.9996153779284,0.235892776655164,-0.839330428824555
"28",15.8905401939182,0.283045412469202,-0.790686656024094
"29",18.1791658518525,0.230934087362997,-0.839188959226994
"30",17.0491246604732,0.254781950343663,-0.831691260060697
"31",15.7151400391757,0.287848312187762,-0.781109936324463
"32",31.7903747623562,0.109872211040085,-0.978869878058084
"33",20.8969564728873,0.18592275264371,-0.922995557413747
"34",17.0761366490114,0.25616556357335,-0.79081542599789
"35",18.2167912113221,0.232760796523895,-0.825021233759279
"36",15.2468834145169,0.304651158066818,-0.76457914857098
"37",19.2446701628666,0.206915623315697,-0.88120027059752
"38",21.8544722583789,0.173190472859309,-0.944386404087778
"39",16.8991008504459,0.25671621019327,-0.819422918744231
"40",24.9408869518362,0.152964297056961,-0.90654933478663
"41",19.1295121419451,0.211076612497586,-0.881743872848796
"42",19.2763459351005,0.205453971626341,-0.899338351246911
"43",15.2970527989771,0.296326390739724,-0.787052153188548
"44",26.2167971428907,0.1386717556794,-0.949926284978912
"45",16.4315355033846,0.269492211708184,-0.810267644062253
"46",17.6036451604329,0.238868440028062,-0.84638358816865
"47",15.8516313550473,0.285832054549025,-0.795392397419777
"48",14.0299149965756,0.35419453088427,-0.714872527465602
"49",15.918922406097,0.273082190774916,-0.841257613046736
"50",16.4571322282105,0.276955062267889,-0.77077347903674
"51",15.9543077061535,0.278235623302277,-0.796354238667336
"52",14.3128991700311,0.33442297166516,-0.767979618202674
"53",16.7085325491667,0.259927655307202,-0.81857518345956
"54",18.9834823108207,0.218315950881609,-0.825919696340887
"55",20.9273028187663,0.183846347865934,-0.927601634653965
"56",15.7142286681166,0.286307773257568,-0.806082697297117
"57",18.0967146745962,0.225437431169052,-0.891045165753727
"58",18.0999514005291,0.224991199869955,-0.893076172020278
"59",16.7790776423205,0.253791003399883,-0.843076301242202
"60",19.0735674724032,0.221923409375351,-0.829387108673855
"61",21.7496981519334,0.175414173918082,-0.939386577875264
"62",16.454355313589,0.271736634662066,-0.785400506774058
"63",17.7437599558636,0.235103116881673,-0.86246298619364
"64",19.0197382783219,0.21086514802044,-0.892209941340464
"65",15.55939220076,0.288483813318872,-0.814299547240558
"66",17.1150108442983,0.252973229692399,-0.78980104049342
"67",17.7440596471619,0.240570180470305,-0.846679767829984
"68",19.7100292375705,0.200956709119962,-0.908557118379234
"69",19.2564062774144,0.207962239113705,-0.896556017997328
"70",15.6875114024674,0.287877566442989,-0.786160186262991
"71",15.4026261423765,0.297584496096553,-0.784351024498237
"72",15.9430943457922,0.282077501091937,-0.80343678197722
"73",17.054329847181,0.250006648185475,-0.863716864026794
"74",14.8174856188926,0.315007191638132,-0.778348768738929
"75",17.3668614944197,0.242797660896453,-0.859444603038972
"76",15.598475760175,0.294261109214254,-0.790389561260332
"77",15.8952625357469,0.28622841459656,-0.784215163374013
"78",22.1697789472811,0.176450179494799,-0.888996111173746
"79",17.0430100935075,0.260626959806125,-0.780615272887774
"80",17.586702897969,0.245555346685527,-0.817830118690682
"81",15.7235308972647,0.281331008747167,-0.819972509287114
"82",17.1842125279154,0.247151945665162,-0.852335914922838
"83",24.4050535964041,0.154629704479718,-0.894737620049272
"84",14.2188076890972,0.342183191127115,-0.725690200655603
"85",19.8942869046227,0.200256699701986,-0.909609125395781
"86",17.4589162694063,0.246975282459169,-0.815962039465284
"87",16.0543629655634,0.274282964580357,-0.821519134812937
"88",16.8546592102087,0.255343566704227,-0.826511559325894
"89",20.615112038458,0.189679275157093,-0.90311144734319
"90",22.3520978766861,0.168476009873142,-0.937600869799582
"91",17.9087140114182,0.231353586400859,-0.869999826838641
"92",19.1221005883489,0.219222227680642,-0.82765155726012
"93",15.2415282561516,0.298884325408961,-0.777281212091693
"94",17.5259587621316,0.239064877009716,-0.848037910757131
"95",15.2904791909311,0.292110902842379,-0.833328019924957
"96",15.8842516353076,0.274723501003219,-0.842656747049327
"97",19.8089741122712,0.20190799593803,-0.881502929758631
"98",19.1761863797956,0.211487031229493,-0.86657385050483
"99",20.1355506522922,0.197100206046346,-0.901910214369306
"100",17.022189528268,0.256645627382406,-0.80289430656102
"101",18.1257411086872,0.233378743149706,-0.850791009513832
"102",16.4119019393375,0.26706435402013,-0.838844526782579
"103",16.5611005117238,0.273340738110922,-0.777950705143083
"104",16.9508342194307,0.258473500896496,-0.783664596374934
"105",16.072548257789,0.284647135428466,-0.761011210601404
"106",19.5169467265629,0.203898803971027,-0.898537830623091
"107",14.354147529687,0.328904041199471,-0.762167049994988
"108",17.6181001334767,0.240690474099556,-0.835904103888888
"109",14.613112172593,0.324074061448533,-0.761903232828645
"110",16.0922493102633,0.274087972008246,-0.813437641162608
"111",16.5643510370645,0.268171556919717,-0.798945037370294
"112",15.4545594667729,0.296839307961495,-0.788563601598633
"113",17.0301742280183,0.260736451000303,-0.791468913111384
"114",18.0869473506237,0.226387086023482,-0.887956341406899
"115",15.8218892959698,0.284679882843674,-0.784427947363049
"116",15.8533069548704,0.281850266944097,-0.81452549575305
"117",29.3231324552995,0.117708869005785,-1.03091663133133
"118",18.3184886089637,0.229925245203011,-0.844256749346458
"119",22.4584551723754,0.170503558597177,-0.91584309505872
"120",15.3581363716465,0.291176072804708,-0.800536025437968
"121",15.8583074476462,0.281055031542566,-0.79634435969468
"122",19.3764178305368,0.203589822381752,-0.905699305995894
"123",13.9829243953546,0.351350638166417,-0.734310675817947
"124",16.115079077789,0.275783181933102,-0.813875296323979
"125",24.303387024692,0.154115328100889,-0.938943137796226
"126",20.9834496845161,0.187605234107833,-0.889397115317207
"127",16.1798087119843,0.279035607948818,-0.788150068665264
"128",17.9617961779106,0.23723158328891,-0.809016108178532
"129",20.6756000939605,0.190829951204661,-0.884738020724334
"130",18.6428723664075,0.228566942830161,-0.82289671238475
"131",17.0936007658343,0.24558629485114,-0.877264464404025
"132",20.2270501459938,0.193981372561667,-0.89767160612884
"133",18.6370384556258,0.219846113018179,-0.877410222463213
"134",16.0034046259872,0.285988357989282,-0.767693271963474
"135",18.7402968823711,0.220625522533324,-0.855449884600923
"136",17.0369682057058,0.2524694884156,-0.831722940918766
"137",17.7862854896273,0.241262510877421,-0.803591226217912
"138",22.9045149009038,0.166938019083204,-0.91716583663572
"139",15.7682814646473,0.291637830834114,-0.766350226860829
"140",17.1157380975585,0.246950435010339,-0.853507515613817
"141",15.7075589614892,0.293291153811684,-0.758262259106516
"142",17.5894006656907,0.243936310935712,-0.812504091345217
"143",19.7047640888048,0.205811666690914,-0.855733577557513
"144",24.0090211299692,0.157550176465838,-0.939812099333091
"145",15.0060261687057,0.310350345291492,-0.769116056702015
"146",17.6316601569705,0.236641504423997,-0.863626049890877
"147",15.5134034041356,0.286142362209306,-0.818530960935405
"148",19.9764319332441,0.205219752552992,-0.843838799407632
"149",14.987452008289,0.309477007580655,-0.764916703033356
"150",14.8494391049581,0.311256161408576,-0.781199364722662
"151",17.3813706790824,0.246670628037915,-0.837224604349363
"152",18.7639504102676,0.226535309167771,-0.806262155997424
"153",18.8177556867432,0.21841291209355,-0.867843971435572
"154",18.4700556806162,0.22609028292278,-0.862539953437639
"155",17.6230259238967,0.237942218392091,-0.859433741881362
"156",15.7657183511386,0.296197718651548,-0.735929253179386
"157",19.1647606969464,0.213106777047366,-0.856198535895174
"158",17.0878558057866,0.252281779713487,-0.82244667396797
"159",14.1626076032881,0.336984300028706,-0.772336481231145
"160",18.0865861800161,0.225855272972896,-0.898719209619909
"161",15.1575007101519,0.309062437733272,-0.746093557547276
"162",18.3980996000776,0.222641089460617,-0.890026900958622
"163",17.3992364465967,0.252471769224802,-0.790086589603762
"164",16.0909144393833,0.27776719610532,-0.810761713210189
"165",17.741331664833,0.2350150682978,-0.875627086766819
"166",14.3961626602211,0.326826007230658,-0.752341112607382
"167",16.8144796677913,0.262041521996074,-0.812014901516171
"168",16.9128171604216,0.255245560151395,-0.819948913331942
"169",14.8816684818098,0.318235343496915,-0.746744636179813
"170",15.7587428547557,0.288319146964355,-0.791744293824663
"171",17.8690255978155,0.235704959321652,-0.852869567313465
"172",19.9417979645675,0.201125107321177,-0.89618236273545
"173",17.7992655885588,0.229279211891103,-0.900903024492335
"174",15.375435336175,0.295432074410697,-0.799344029937936
"175",18.3179787265256,0.229086584218243,-0.833419755764433
"176",16.1012261801197,0.280687966818745,-0.781106371490552
"177",15.8488336996575,0.28522599004018,-0.793196298418747
"178",17.8151786454492,0.233950687794371,-0.868449909178016
"179",16.2713900831115,0.274136004923722,-0.789520872109861
"180",17.5752388879021,0.23681543701783,-0.873228703480594
"181",18.4086271611194,0.226471787360089,-0.838090999540721
"182",16.0478248886598,0.269391909680208,-0.842791953800107
"183",19.1120823492908,0.219411109216425,-0.830842744209296
"184",19.8311229182901,0.198550175636603,-0.920377336149103
"185",17.2118876267202,0.250492901694813,-0.819332460114798
"186",18.1204923127116,0.228209445922237,-0.876642150792186
"187",14.6908491419111,0.318616464411162,-0.749849932739634
"188",19.3675004693552,0.204501179624631,-0.906488714443664
"189",16.654830423424,0.254843717912661,-0.866094972256806
"190",18.7018694374625,0.223730253488184,-0.84829995343188
"191",16.3371912103428,0.264869875414085,-0.843078265679198
"192",16.2740710065632,0.27364628118044,-0.792918580115005
"193",18.0797422924923,0.232127551011302,-0.851039096282496
"194",16.2164200259261,0.27872102548075,-0.780739389781219
"195",17.7394871466164,0.236098174259038,-0.868786828704222
"196",17.0932883990263,0.252287795141098,-0.824947367679379
"197",19.2118584586874,0.209424303894099,-0.885457505752915
"198",15.7339567653651,0.28802730151437,-0.779938444478259
"199",16.4349547974284,0.269853313970255,-0.79866034646771
"200",15.5528291819794,0.292955239726306,-0.782446951338851
"201",16.1432992807071,0.271280941087951,-0.813512522706258
"202",18.6877875608256,0.217913870635557,-0.876110207673609
"203",15.30162761189,0.29939368303708,-0.761891554987424
"204",18.2261390988396,0.228334029117133,-0.84823868682685
"205",20.5316253104747,0.198421248731257,-0.844678344476288
"206",16.7838497716296,0.25784583023851,-0.830630833933653
"207",16.9940198202942,0.260829869899664,-0.793386599233318
"208",18.5128768391826,0.222176915135106,-0.856649924244314
"209",26.0485299610877,0.14086653103813,-0.943105486909284
"210",20.2319229872519,0.199031513249148,-0.870564547981551
"211",18.5579436582395,0.222108327966899,-0.851240233399696
"212",16.5106558876248,0.263421712977519,-0.826739195316681
"213",17.4196454344711,0.250624110080088,-0.809273219530002
"214",15.7961291546027,0.285617982574266,-0.811170048206715
"215",21.7104598025221,0.182067377553647,-0.879439202742728
"216",15.5535485986529,0.289786620345748,-0.818217883042788
"217",21.1576547506196,0.186436316842777,-0.887760326112615
"218",18.064354255898,0.229318056721438,-0.870223822330403
"219",18.9909209054019,0.215048747394477,-0.8612926903494
"220",15.486316130038,0.298870878412781,-0.763602420113
"221",17.8953609872692,0.23623503452897,-0.849965433234848
"222",17.2126458822259,0.251700713911488,-0.824712811153149
"223",16.7715529297696,0.262825406516767,-0.805319066277997
"224",17.7580941931453,0.240773174817308,-0.830730272539559
"225",15.9131865827557,0.279141873849298,-0.817009917296923
"226",18.3890081444,0.224919218282049,-0.869453689149086
"227",18.0413388936217,0.233995936941234,-0.833643067556753
"228",15.161792160007,0.304653112003304,-0.767072294282916
"229",19.395766751524,0.212077894646393,-0.822100828291717
"230",16.3172695085562,0.273281629998293,-0.800638687862004
"231",18.0223009133237,0.231237315508159,-0.86039455307679
"232",18.0697330795292,0.227417919549138,-0.874075206972887
"233",20.8227743513592,0.194024679510379,-0.843851204677975
"234",17.2618491616411,0.243032700834857,-0.877560415157635
"235",20.0317925119033,0.200463640512394,-0.887522982288757
"236",16.3983218545447,0.272994536611101,-0.78645415370086
"237",15.4172010781463,0.296439064406146,-0.786128527583918
"238",17.7881409418411,0.238307147674941,-0.84986855775182
"239",15.7856251077925,0.285245943362597,-0.795357645167851
"240",14.3895165326907,0.331734921447618,-0.75297408600565
"241",16.9523128492408,0.263366667496091,-0.783558521515168
"242",17.2992663138307,0.245079389028051,-0.838528884221797
"243",15.4814687498077,0.290783076536238,-0.791865853493315
"244",20.5029383516482,0.195137151723439,-0.881808320661417
"245",14.9831903716918,0.307219293587059,-0.782578824121141
"246",18.138298951941,0.231641898009364,-0.836922015561159
"247",18.1356997253355,0.22890625322135,-0.863634426713487
"248",18.0883465429558,0.232256089553462,-0.831758101332223
"249",18.3813047814838,0.228874247122686,-0.827906485494472
"250",18.7940998729759,0.22149920275442,-0.855110645136077
"251",18.4294319631294,0.223761862392016,-0.86408304817765
"252",16.5878919724808,0.258794458380016,-0.858238865756623
"253",16.3405789335948,0.267780288407555,-0.829160647955542
"254",16.8036191778269,0.26039408388495,-0.798217551930308
"255",17.7573883900101,0.235212320508205,-0.829006854041922
"256",23.3048293662963,0.160964898547718,-0.937168962828907
"257",17.9375977801334,0.237589884772332,-0.823132248287014
"258",18.3069181496988,0.225998138399227,-0.857125090269155
"259",15.0675803182125,0.302644628843555,-0.795172472001687
"260",15.3711227942747,0.296879303150138,-0.791686800805195
"261",16.6502247823391,0.267134650317889,-0.804622608491923
"262",20.4495761350354,0.192683839960866,-0.904543450374383
"263",14.8010993802297,0.312507388432053,-0.773490417729235
"264",16.3734533033407,0.260467250682665,-0.845791809190422
"265",15.1913019409205,0.309808236857187,-0.74176585393457
"266",19.1083836085474,0.212609004697917,-0.878377684577731
"267",15.2492406889962,0.307983770887856,-0.751205360661858
"268",14.4097081262704,0.325990783393131,-0.767901830300677
"269",19.4627403956933,0.206171614748336,-0.89700847150277
"270",17.5813734760565,0.251426743939212,-0.803444468778523
"271",17.5647015697458,0.238714253710895,-0.840007673014949
"272",15.5893403340812,0.292795721659891,-0.791453348734761
"273",16.0555934129283,0.274811911713913,-0.810377855260037
"274",13.9805104367783,0.337047064523009,-0.788297988433456
"275",17.19152735228,0.250990148025816,-0.832414207725827
"276",14.8077219840554,0.308273750076598,-0.786170045722048
"277",15.3949283300256,0.292705044914251,-0.797694907028667
"278",16.2559489377495,0.275043708827168,-0.795458783913867
"279",14.9257928653542,0.308086792103607,-0.779611205803673
"280",17.844464933932,0.234393388013115,-0.853659014603289
"281",15.8210951181391,0.284243703958142,-0.79258946145276
"282",22.3282242491484,0.172066091848794,-0.900216679493902
"283",15.0310051967229,0.306121888702493,-0.784690321563108
"284",19.2797807454027,0.215354630074012,-0.851366828176794
"285",15.3614702688602,0.293756875617356,-0.80607922519677
"286",14.8885889092604,0.30807457484245,-0.789028133490232
"287",15.4463828281414,0.294850895063414,-0.792685456974913
"288",17.6204683446356,0.239514574900372,-0.84364170840716
"289",17.3224249071231,0.243474636580809,-0.860292273999701
"290",16.2179149307931,0.278890381562299,-0.769094304395133
"291",17.5489368152183,0.236784017759547,-0.86216546440601
"292",14.9295280652761,0.301711596260849,-0.805267505773976
"293",21.1050479962862,0.186561242468457,-0.882105708687657
"294",13.7975849449394,0.350788756273215,-0.761163462409284
"295",13.9181695198138,0.347047779820073,-0.736871777427337
"296",16.5059412802253,0.270990063514265,-0.78476438161375
"297",16.9613491954403,0.249213045407951,-0.841847665072152
"298",14.9551252817509,0.310246559037903,-0.776869976550607
"299",17.0059122512849,0.257562206797703,-0.81179079385229
"300",15.5198432037077,0.297596381713267,-0.77626805064779
"301",22.7743812761471,0.165920642673123,-0.915456506768992
"302",16.6866115251771,0.259351838281409,-0.825622754768508
"303",18.9289889986562,0.216172445611273,-0.853823840340279
"304",16.3562750957119,0.271904481045583,-0.805397238131435
"305",16.2526074626197,0.286277608148992,-0.74053956393172
"306",19.1759330271639,0.21726816903757,-0.84161988215936
"307",16.4324257067574,0.262386662789463,-0.847465262937493
"308",17.8613692799627,0.232283845083357,-0.861450501506765
"309",14.9234267098604,0.315402100350802,-0.762894823935961
"310",18.2931392481317,0.230140967317653,-0.824402161019224
"311",16.4200397992333,0.27285102291496,-0.797410071746446
"312",15.1864949519902,0.305650540848509,-0.772953500142209
"313",19.1581224457054,0.212683120051791,-0.882533457357296
"314",18.3819575419442,0.226052395654666,-0.856786226241174
"315",15.921493607648,0.276073908218786,-0.824685756150161
"316",14.7975884232547,0.317418235458438,-0.764346306069619
"317",16.9881213688211,0.2549621576725,-0.818449964832606
"318",13.8297503808656,0.345610789132828,-0.790780215457474
"319",18.0223240063442,0.236958880237014,-0.798741316643086
"320",18.6370296515556,0.220702203928438,-0.848661518472642
"321",15.7109563987934,0.290892985455444,-0.772530317560685
"322",15.5913606251385,0.2882262262698,-0.782994834252162
"323",14.235006243193,0.33601184889957,-0.762541807193756
"324",17.7794046108747,0.235627704297023,-0.834650083008916
"325",18.7464296040917,0.221736108420244,-0.824453457487917
"326",15.1230664809072,0.29862011432227,-0.80244562669127
"327",15.0296193320819,0.304475992303587,-0.79173136984387
"328",17.0673774802373,0.250621801863388,-0.833731511837079
"329",17.5827369259181,0.248412210408361,-0.794507548883155
"330",14.131208899626,0.334998376753635,-0.766383789314208
"331",16.5290478534801,0.270908730819672,-0.799752128086748
"332",17.3792911208422,0.245569148784864,-0.81699375202102
"333",14.7043737562629,0.3204896042541,-0.753747725016071
"334",17.2683216885401,0.243457231385653,-0.858580061357227
"335",15.7146044652722,0.290877860262251,-0.780994990229369
"336",16.6697013747168,0.259186523197884,-0.827900896623225
"337",17.1234210546374,0.25528677400354,-0.808915736325157
"338",16.0277334247594,0.277301760062919,-0.805936885081599
"339",17.4864894190033,0.237545086629237,-0.884477516770904
"340",19.0864422291978,0.208610206700883,-0.900930061316514
"341",16.7826506690068,0.256260158095436,-0.846933801166291
"342",14.0196784700832,0.353368562579024,-0.711438005471859
"343",17.0477292344093,0.25146805629464,-0.824046187078725
"344",15.9485232273723,0.28417499575552,-0.768290148027255
"345",17.9356854587387,0.238393774748236,-0.82228229574065
"346",18.0438993223997,0.236018753583633,-0.830767172566578
"347",14.0388584790286,0.347298053935852,-0.736878613145563
"348",15.195357388685,0.297644043473368,-0.816291716676287
"349",16.5958842885472,0.260825294046105,-0.827071737104438
"350",18.5158414218617,0.220359335633072,-0.889051299413515
"351",17.8603809611701,0.235873394426922,-0.843733149895192
"352",17.060769241114,0.250592014913514,-0.832950699725756
"353",15.9344836498933,0.27987196854221,-0.798652434960591
"354",18.388894417684,0.230952154393978,-0.821771242621467
"355",14.3001769197182,0.334558091741518,-0.765969136316525
"356",24.4745699260143,0.152361528146507,-0.943720720020966
"357",15.9256585491605,0.276090694537115,-0.823218090925944
"358",18.4811093100704,0.231834591159986,-0.809078882091103
"359",14.9466773250441,0.315632999443266,-0.75111615103866
"360",14.6836263762946,0.318059537361211,-0.781997166836663
"361",18.1159486128069,0.229347153870791,-0.849270657526401
"362",16.075999220704,0.265458016046142,-0.862285140212701
"363",15.8856837765315,0.279851003949752,-0.811552435814191
"364",17.7419796768753,0.243627849054857,-0.820845622187226
"365",25.4893566810681,0.144372552303199,-0.945366485038052
"366",14.6904108342454,0.315163658620259,-0.782127431917219
"367",16.4022175369833,0.266980648690489,-0.811216440959406
"368",18.7849315047456,0.220285418005889,-0.857322056520925
"369",16.807184609037,0.262558575813964,-0.804927821164362
"370",17.8745997707951,0.228130203374993,-0.886414966362793
"371",16.4782765345861,0.266926210592687,-0.8002295774433
"372",17.2081245799948,0.254643828798651,-0.803871019819866
"373",14.5603974980715,0.327310076109229,-0.762396012743627
"374",16.9004194105158,0.261664333691289,-0.799127266318735
"375",15.2897248418502,0.298964988530221,-0.798397069325787
"376",21.9115392788614,0.175793633910218,-0.916152908433527
"377",18.8664268185448,0.219876590059278,-0.840381375502925
"378",18.6312646536434,0.222295782134894,-0.858662672354258
"379",17.4513244205583,0.244163369497226,-0.846010570545481
"380",15.2478915752012,0.292898276523623,-0.826221399845902
"381",16.4417520877529,0.274770174370768,-0.766984387262465
"382",18.0129526906001,0.23249736398435,-0.835512031584488
"383",21.5565594649775,0.179384280526946,-0.926658209637263
"384",17.6311808539854,0.238953461532777,-0.843896101654711
"385",18.9705807342961,0.219182918293636,-0.826466344858186
"386",16.5182876901577,0.259084316355334,-0.84837769769152
"387",18.3640717215262,0.229417663032136,-0.820729542076585
"388",20.3614659324958,0.195190582638816,-0.882992332321113
"389",16.8971407743525,0.263658072895659,-0.788291072061033
"390",16.1441744157319,0.277980682059911,-0.782221932416957
"391",16.244744146212,0.271511981572364,-0.808529882702733
"392",19.1957200873132,0.20961793352307,-0.892070099806934
"393",20.094530017729,0.203188942935195,-0.830934028901416
"394",18.4798595869432,0.221324724262216,-0.868939216324855
"395",17.8335712169631,0.241258321898358,-0.803827291489077
"396",18.1718937623595,0.225187604880176,-0.880096300289925
"397",15.2963602251864,0.304639470126416,-0.75150089355371
"398",15.1541380236295,0.302675236552255,-0.779135825687788
"399",16.5019794123126,0.269554331209458,-0.798823919669773
"400",16.4992020838286,0.27067764823773,-0.78262359085354
"401",16.2686740886647,0.270277656497243,-0.805654955102779
"402",18.2902535585923,0.233239889712294,-0.829729921128572
"403",13.5087324682157,0.372364639792088,-0.731310555635744
"404",15.0810272507212,0.305787352121627,-0.786610166423792
"405",15.6399864034551,0.291674052100654,-0.780605256109731
"406",15.3761182762889,0.288152333239913,-0.836927189740161
"407",16.2707501824752,0.268090930983866,-0.832413331969076
"408",18.9453562970656,0.21681109927832,-0.883154785453691
"409",15.8559308545327,0.282483637174986,-0.78989100123995
"410",15.3555234343253,0.297639037837626,-0.781511053273882
"411",16.4026028112823,0.274602880291092,-0.793976638044818
"412",19.9450587396715,0.196605601524472,-0.91015348118549
"413",16.8329654036716,0.259931355830777,-0.802543283926386
"414",16.5923280960896,0.26953586691596,-0.779221307678726
"415",17.5490568217693,0.245702667256696,-0.820127260983381
"416",13.960366550806,0.355195965103832,-0.709353426928722
"417",14.9167912934135,0.324863397889176,-0.728497934575487
"418",16.5275423156408,0.263324361891132,-0.821128016501539
"419",15.1814966649349,0.297543329268409,-0.834945492005672
"420",13.8356088844171,0.34327798021601,-0.765738196561893
"421",14.821929107562,0.317216623163778,-0.780279969120884
"422",19.7562834918745,0.200197594331322,-0.900285485922004
"423",15.4486988182394,0.287021659693732,-0.812620387235088
"424",14.4236010513404,0.327786123456748,-0.772390633277096
"425",18.3365037776327,0.230367703473493,-0.845119629657069
"426",14.5921422913375,0.332115031844533,-0.724652497778129
"427",25.1541031651315,0.149694112387612,-0.92214356317358
"428",15.4677846027534,0.294366935912226,-0.783930426744347
"429",13.5396940485303,0.375780645395828,-0.714665749051461
"430",15.2538211592423,0.302156511180966,-0.773882582743335
"431",18.8426229565112,0.21788739770289,-0.863290795209597
"432",19.733325800498,0.203518694772336,-0.900462504348433
"433",15.2045680361886,0.305973086222499,-0.763426734132836
"434",21.5122806121844,0.181130607407152,-0.898644159256886
"435",19.5447876355486,0.209638987758768,-0.850619487349521
"436",14.7641044461396,0.313996093919344,-0.798456075679436
"437",15.2248912571854,0.312696372060498,-0.737069310772555
"438",17.0133848093047,0.246945434726469,-0.865498723329192
"439",16.0789063189814,0.278106582553576,-0.803780767064664
"440",18.0054288081324,0.234460453597274,-0.83596536104691
"441",19.2702904034395,0.213411243730478,-0.84252070185342
"442",18.4752908866267,0.230132614974231,-0.816182180696316
"443",15.1524427341747,0.30441517077759,-0.776934846894095
"444",15.4149304520739,0.292137301442938,-0.812069998131841
"445",15.4302206609754,0.287415518458007,-0.843103596081279
"446",18.342757023939,0.227002493553189,-0.853942279702457
"447",16.2361353147056,0.27242527895176,-0.797618408689146
"448",26.4659537008868,0.13763100974972,-0.972513548588907
"449",21.0335841567367,0.181434159395081,-0.919422769809848
"450",18.643946739346,0.22434192720767,-0.862969649213052
"451",17.6774337483905,0.243152841485348,-0.810364559776356
"452",17.4631079466832,0.247180570947266,-0.812518319167914
"453",16.2074350874501,0.276265540414799,-0.783108311398566
"454",20.0144864048993,0.198855599079959,-0.90530719705716
"455",15.6367887173219,0.287236133601506,-0.812184114302376
"456",16.2799423691548,0.265776025576515,-0.830507158000049
"457",15.2396989248138,0.304581942738992,-0.754723899537131
"458",15.3998849414603,0.299167946289416,-0.782153839840567
"459",18.62247076753,0.22501726091529,-0.841241978582364
"460",20.0821647257179,0.204296323455193,-0.83849816479521
"461",16.0559863223904,0.280979968214842,-0.783365026520341
"462",17.4429842745751,0.246641843911693,-0.833968445493885
"463",15.1880926481301,0.300979814096069,-0.790293341038938
"464",15.2042633167492,0.309816175503652,-0.731737447111596
"465",15.1686109093905,0.301337588363762,-0.7900991005304
"466",17.8107364864642,0.233289388838984,-0.84838527009582
"467",23.1176300143206,0.163475842776716,-0.938148824664362
"468",21.4093645320027,0.182275334471796,-0.911416127311952
"469",15.1190748079056,0.305337527243315,-0.78781967942512
"470",17.9833576098556,0.231707855903971,-0.853126158889779
"471",19.6479089776636,0.2035948959486,-0.876081776881879
"472",17.5731193446524,0.24570610448497,-0.817182151246197
"473",16.6982679460621,0.266857358945285,-0.78522164135602
"474",17.0654884410411,0.25509087661305,-0.818037096120716
"475",16.0511682202693,0.274320319978357,-0.819604540846821
"476",17.9845560786055,0.23297707038187,-0.859456008735315
"477",16.8488952981006,0.251696277995612,-0.851607303699719
"478",21.6580731378751,0.177562344194332,-0.932509496797944
"479",17.032342639515,0.255280973778205,-0.823508658591448
"480",16.9657967900046,0.25730957356698,-0.798863082664906
"481",13.9405801754561,0.350048195989645,-0.739025307456346
"482",18.401348288065,0.226742055544535,-0.85098906463145
"483",16.1912323525579,0.276393948894812,-0.795990584073656
"484",14.8737939093538,0.317794812197678,-0.759140307052018
"485",16.3230665455363,0.270531569358837,-0.796485179305368
"486",21.7091039627147,0.177236296707582,-0.910806190022441
"487",14.1827415409799,0.345177934646275,-0.721949965638116
"488",17.7782253687899,0.233686421501215,-0.873625517307457
"489",17.722685201778,0.239735452706381,-0.824807586448865
"490",18.8672346035121,0.218333345091253,-0.866223447337408
"491",18.392591186667,0.229950532677197,-0.815749855667544
"492",17.6171850148416,0.248131764270021,-0.803344995004929
"493",16.6642787022159,0.259574991058835,-0.82391391560582
"494",17.2376931917795,0.246877431430432,-0.842689852776601
"495",16.8175324457008,0.251546485341062,-0.85956184357981
"496",15.4571548143202,0.293241983955785,-0.78781225909592
"497",18.6274033312257,0.223411045535708,-0.852619359291097
"498",15.8873155320332,0.276753709128596,-0.831566194956478
"499",15.0760046069893,0.303077480764746,-0.800628931606085
"500",14.178136861284,0.337480565800228,-0.765884010151904
"501",17.1191284907262,0.252172278201764,-0.804062076074193
"502",16.971605354783,0.254373415489063,-0.822246344245415
"503",18.993059292428,0.217051848897753,-0.854723677083633
"504",18.1932204756144,0.228165063648528,-0.856641346178101
"505",19.8660738298198,0.204309375808295,-0.860842586118341
"506",16.5322392432147,0.265455415969643,-0.808097455485339
"507",13.6818114929578,0.362833589813299,-0.706132946109359
"508",17.0752048641771,0.249009490559634,-0.830857674792998
"509",16.6601947258663,0.257796037305313,-0.820980150928692
"510",18.1753722264046,0.232218497469462,-0.840103719520606
"511",20.0016751493257,0.201269807262452,-0.877956894913802
"512",15.8517324619983,0.280783620077651,-0.813993914340004
"513",18.6422689691794,0.229380311044655,-0.809613474854422
"514",18.8040532872181,0.221317819049043,-0.850713304296324
"515",17.5539217147887,0.239654860022616,-0.841929758242751
"516",17.8211274706746,0.241807322229804,-0.809735880102465
"517",17.9670542063493,0.239145055502856,-0.824322733462899
"518",17.3762273268207,0.248827321075584,-0.803329239088248
"519",17.3250602033432,0.246978587401137,-0.82802341633759
"520",19.805491443814,0.205030281533944,-0.864733422984854
"521",15.4557119491147,0.295084556732591,-0.779466451678754
"522",15.6416058498369,0.293200989559179,-0.763472496541421
"523",16.4901047292129,0.264996799719454,-0.82675516806839
"524",22.2590473587213,0.17577002141572,-0.870885870426056
"525",17.3904228646839,0.230892735833444,-0.915513215855579
"526",19.1489415645926,0.212670069311904,-0.873350310588336
"527",16.887219833454,0.250632738154914,-0.8468509350872
"528",15.7355014780506,0.28897738955799,-0.775150245519435
"529",14.799829783975,0.317921162263267,-0.747543977891113
"530",13.9504832071758,0.351525458799718,-0.721347542164027
"531",18.9283383691495,0.214183139278194,-0.869172727793379
"532",27.3706101653515,0.13363206175439,-0.92651411438252
"533",17.1766833157816,0.246808157252558,-0.844432716785995
"534",19.8652744987577,0.198023234648641,-0.912621593319521
"535",18.2832298127285,0.225936982839939,-0.861934264398155
"536",17.4386608616205,0.244467792701647,-0.839763232960519
"537",20.135658364838,0.197401006183626,-0.914131726831597
"538",18.6548319468756,0.219598750239609,-0.857711098152635
"539",15.0780793017197,0.303180304116062,-0.79494831365796
"540",16.1653410641704,0.26740949930015,-0.82653696428007
"541",18.7710165673254,0.218931421447816,-0.856835134000784
"542",16.3846619834421,0.26529461930736,-0.819976796714807
"543",18.1414090789022,0.231169525730456,-0.849707760211857
"544",22.9759643412146,0.166459328782002,-0.898400558822222
"545",15.9630222053404,0.27749882809766,-0.806298937479723
"546",21.3178662910724,0.182863106716365,-0.916063395161058
"547",16.0011627233244,0.278537085897523,-0.80818624548782
"548",14.2396192851589,0.335084596404906,-0.778900440475716
"549",17.3616683382115,0.240030729874593,-0.866057173613624
"550",19.3294679327658,0.210177622893677,-0.863305099377822
"551",16.9415614708747,0.251810690800986,-0.837392078650923
"552",16.8786283939223,0.264498434297578,-0.777502145180067
"553",16.1349128731318,0.272488225229461,-0.823343119796934
"554",17.9688090249455,0.237904697102495,-0.82394000777559
"555",17.316110658865,0.246065100132833,-0.83900666903898
"556",18.1260336468783,0.230102173510201,-0.850081756188239
"557",16.4339712474018,0.265055443602225,-0.820386005239566
"558",17.0615019739493,0.253899995012077,-0.831967784023189
"559",17.9532940358757,0.233884373229918,-0.835264039110005
"560",15.0227899761822,0.304179319021401,-0.801301232956923
"561",21.7397498685067,0.177099506132942,-0.914622622452633
"562",17.1263089961639,0.254488860417114,-0.795905102528129
"563",13.7060456122237,0.362066715431914,-0.74171355559486
"564",19.3017605431957,0.208823934741627,-0.891677303722705
"565",18.4971190574203,0.224671867843314,-0.864775644892563
"566",18.364740179575,0.229452731861102,-0.861583955033333
"567",17.5131321844243,0.241813601364268,-0.826606902384355
"568",17.8953670112025,0.232080598108756,-0.86883825447712
"569",16.8724274675098,0.257063913414079,-0.816940982006122
"570",16.3066042118745,0.278200330989163,-0.778006989451124
"571",20.976397965777,0.187871904700312,-0.884416266664048
"572",15.4971733724476,0.297520468095067,-0.782499139023891
"573",17.3407848532677,0.249671561362633,-0.808822986328233
"574",18.8607438673941,0.217868030798061,-0.867647514221617
"575",16.9766518349006,0.249360478098915,-0.840889619137506
"576",15.786610627771,0.28514086508024,-0.792164748161145
"577",15.8847748442624,0.281567847726505,-0.795912157100959
"578",26.7265998866853,0.134311094956782,-0.96976111492182
"579",15.6973580420038,0.28940232680685,-0.792114582119595
"580",18.9995530887941,0.214208696266057,-0.885479724986017
"581",15.5050150364256,0.281047168257044,-0.838246099030389
"582",15.8126718921699,0.282904622462326,-0.80528548187758
"583",24.1995592725161,0.154113170407265,-0.927032191020035
"584",16.4061074169393,0.258000755449427,-0.875898218217746
"585",17.5521910485214,0.243050682214397,-0.8258173398441
"586",19.7241251006899,0.206989786853785,-0.851959195239628
"587",22.451209716055,0.173512893052839,-0.881006969267186
"588",18.0381491476867,0.233460690297504,-0.82677221698238
"589",25.5813673305616,0.145017628720556,-0.91286357494106
"590",19.1136073600319,0.215986634087219,-0.851183954242946
"591",17.6981096301644,0.234582723314195,-0.866460609272242
"592",15.216555206758,0.30132140081112,-0.787495478390641
"593",20.0138541534526,0.19740202093197,-0.888516507787262
"594",15.4411512752209,0.293009793914184,-0.798666875428988
"595",16.5123034434883,0.26626409738013,-0.817357164840879
"596",17.1767943981608,0.252091645737682,-0.824613236992629
"597",18.062175860188,0.23410823480199,-0.83315515147582
"598",23.5803340827274,0.158857825219904,-0.923864010772808
"599",15.8698834040169,0.285412063188396,-0.775701266949149
"600",15.0615455184145,0.311423877242393,-0.776581709778081
"601",14.6632076519408,0.316626399066342,-0.7763394407319
"602",16.4142762619378,0.267268349724497,-0.794589526794993
"603",15.6468948500635,0.287762440644063,-0.796789751029781
"604",19.7225979448219,0.197312648142546,-0.891517851842962
"605",15.0726074864575,0.304258711789942,-0.780788451622427
"606",19.6427099829176,0.208634687980947,-0.857501376574267
"607",14.8106071913031,0.313392989520067,-0.786791502449003
"608",15.8865308844523,0.280593358686249,-0.811172706076166
"609",15.8846012523951,0.279343202473127,-0.803250197207407
"610",13.6901040203185,0.359980647308845,-0.738162586765483
"611",16.5766173485297,0.259361387494307,-0.84303793057957
"612",19.009359104814,0.215624990126553,-0.846214885185822
"613",16.7996238974894,0.25659587955234,-0.831544912339697
"614",18.2821874569453,0.219289319796321,-0.899401034784472
"615",17.4838181742842,0.24173762752403,-0.844722494379257
"616",18.7096220571322,0.220280348569671,-0.865334894236043
"617",14.9296635462966,0.31215390826272,-0.760298355933424
"618",17.6310579198423,0.238030248105899,-0.846635085558475
"619",16.0440627921191,0.272904034170801,-0.811891960284678
"620",18.7145716458061,0.221859240370523,-0.856599717697772
"621",21.7763953841087,0.181013014485708,-0.878423598689187
"622",16.3316367758351,0.268381988882824,-0.829569516303435
"623",15.0746987693878,0.302663415542545,-0.795960824043123
"624",17.9202492023682,0.234016780037603,-0.8359033268566
"625",16.2667857087222,0.280495662530339,-0.76731618356246
"626",18.5641121178023,0.224229035706492,-0.854369749191313
"627",16.2509784417789,0.269119574289466,-0.828417705786417
"628",18.0630371324494,0.234837048861291,-0.828446193920839
"629",17.6167937371004,0.243598614851102,-0.820318077654996
"630",16.6804111979598,0.271888910437423,-0.765283943171463
"631",14.5684686720738,0.320192737665629,-0.789262637201862
"632",16.5012815724552,0.268947240739414,-0.798916457972169
"633",17.22443226895,0.254488745861007,-0.793403241684926
"634",14.4363986213637,0.335086221171034,-0.732552915201738
"635",15.6009181634386,0.289491434267334,-0.776626831569953
"636",18.5680019530415,0.229255704530945,-0.806163854257845
"637",16.5354025412573,0.264557355880522,-0.816821734677469
"638",17.2744344896836,0.246052363091442,-0.846500075591025
"639",22.9176895031124,0.163111432776938,-0.935195888762252
"640",17.0835528830977,0.253049659005945,-0.830294017581769
"641",17.9962391414219,0.237841984147714,-0.818921228434647
"642",17.7484437542151,0.234499274716081,-0.858433051405784
"643",18.8922856167494,0.213085285428794,-0.884799223036477
"644",14.9124887980564,0.310508662516362,-0.778950741502524
"645",17.4178240077189,0.234843003636601,-0.890007963284307
"646",17.6400270657068,0.23666329772334,-0.857664745118779
"647",15.0558819645466,0.308883976548697,-0.759728366194846
"648",16.7031732549866,0.262446620391221,-0.827527445183526
"649",14.4989114260646,0.320879338871453,-0.79547006432118
"650",16.6592174204407,0.265667031334017,-0.786498174644989
"651",16.6949278953651,0.263905524974066,-0.816411193897392
"652",18.2165777565217,0.22720866751429,-0.848016178763742
"653",15.2337538011386,0.303361993367022,-0.764670097631666
"654",19.7157673362684,0.203776588530092,-0.891482463203853
"655",20.053303150326,0.195915458598385,-0.917631941813053
"656",13.7703516594754,0.359779461094872,-0.730904608672931
"657",16.4806344759778,0.268663420848774,-0.799944198378636
"658",16.5819514015281,0.264738702939113,-0.804961921619165
"659",16.6173349995122,0.260778628433663,-0.82086264069271
"660",18.9708643879389,0.212829770851867,-0.882025242001407
"661",16.4433636159714,0.272452823433656,-0.78427272587803
"662",20.0104418877551,0.198816044427076,-0.895175782955969
"663",17.9016627353696,0.236536989148086,-0.844049972960166
"664",17.7468829486314,0.240856629086069,-0.846218687455176
"665",17.2554030408652,0.246240518095585,-0.836576220748959
"666",23.918616103007,0.155145492074255,-0.929775403449689
"667",15.0147931895013,0.30588193858879,-0.780145499311808
"668",18.582893356128,0.223962721011868,-0.840890058146557
"669",17.3945766318518,0.238427591761409,-0.877961013154068
"670",16.8218758312198,0.255528761682527,-0.842705275731275
"671",16.8961038538971,0.252655533120526,-0.852491553163962
"672",17.8747142873654,0.240231060513576,-0.822743818330297
"673",17.904294400566,0.233821872626314,-0.855296612246644
"674",16.8857709398434,0.251457180781208,-0.857290636957768
"675",14.7912671633796,0.312739663948968,-0.777157698252224
"676",16.0953841991599,0.270196639308081,-0.840713669755118
"677",15.5297099790624,0.293874363916967,-0.767208950103507
"678",21.9512236094605,0.176970732853589,-0.908974728717242
"679",18.3707705637327,0.229526263587794,-0.829880464800684
"680",24.4162799438269,0.150404222869089,-0.96270100406901
"681",15.8338042251168,0.276274518108563,-0.837730398268325
"682",17.0649314900905,0.254403873017177,-0.79709580992963
"683",23.2687742753071,0.16451578758063,-0.896983491855895
"684",17.5683583531875,0.241405482075932,-0.851000910255168
"685",14.9350486632918,0.318832920842416,-0.750471939916982
"686",14.1394972691226,0.326661418666902,-0.813368010429675
"687",18.8032161288337,0.218193144103591,-0.862578535319045
"688",14.1530071686035,0.344789702362035,-0.736625123107391
"689",20.3397644089507,0.195277149265523,-0.89986757630522
"690",17.7524439780668,0.236214746613944,-0.855131042677321
"691",14.7953023436494,0.31989743304603,-0.759708773211314
"692",17.8355477914066,0.236699392634355,-0.81900489364733
"693",16.9524792516379,0.256425646980447,-0.819772605829459
"694",17.2355255843976,0.246519029324787,-0.839400973906566
"695",15.1300770543187,0.304427685554266,-0.77809499810543
"696",16.5348962636599,0.262824689831708,-0.833503658969942
"697",14.8832511266746,0.31400231034961,-0.761491960157922
"698",14.0028213155182,0.335896974904265,-0.772209805512335
"699",16.6713444139336,0.251438377773085,-0.88618437292106
"700",18.6691445942925,0.224565948565304,-0.852792704782288
"701",16.9937487550211,0.246342074594016,-0.870424481523656
"702",16.4494469750904,0.264480816490435,-0.822577079783915
"703",16.1889285637115,0.278330784824905,-0.793352280509972
"704",16.9126428347091,0.256893136577839,-0.803473983048157
"705",16.1971642783015,0.270344895086723,-0.830902129437856
"706",13.279419515592,0.378329302504115,-0.717591863187862
"707",16.7210046435414,0.256809744200686,-0.829468894375403
"708",16.6208733801767,0.264010720778208,-0.807187590202755
"709",21.1234457435595,0.191310986576133,-0.840753972053082
"710",19.9260579831684,0.198029600642504,-0.902987336153026
"711",15.6680954259896,0.290128255589585,-0.776210507225735
"712",21.7259044931943,0.170824150159782,-0.96004251914641
"713",16.0898763283128,0.275873564755506,-0.799624997366893
"714",14.9191585070723,0.311901404300671,-0.774608628756034
"715",16.1205702090386,0.276364977411487,-0.793740798373546
"716",16.6405484527768,0.255981647759902,-0.863195782345869
"717",16.7369203187379,0.256593295031489,-0.839041597764969
"718",16.2516254160932,0.27575517782452,-0.79756631753955
"719",16.077111861013,0.276365838785185,-0.811751558471794
"720",13.8955550135854,0.342929226492449,-0.766213268793906
"721",19.0464572359926,0.212749185615856,-0.871513853204654
"722",15.6126716598463,0.283900230928261,-0.82304095895498
"723",14.5303768558299,0.312201472934808,-0.816066919561472
"724",16.3346634232184,0.267067599057624,-0.820888070873483
"725",15.2771026823663,0.310935062877088,-0.740749976778501
"726",20.9996295863266,0.189824136165441,-0.874085209308774
"727",17.5464474948405,0.243648146428,-0.837385139930009
"728",13.6557475209155,0.366130996009413,-0.704110786513856
"729",16.1332307929991,0.279541247003761,-0.773952789251069
"730",17.8674331802355,0.230797386957402,-0.853484164003341
"731",19.0811676942075,0.219464593973509,-0.850833475546797
"732",16.4892393013319,0.269267110802049,-0.791239515638168
"733",15.7828968729607,0.283284345260865,-0.80283925871251
"734",21.4639875397102,0.181256679079365,-0.908946184318723
"735",18.7804234714674,0.218070888113773,-0.860047781432524
"736",17.2636526175771,0.246601085254167,-0.838168358353703
"737",25.0992770534855,0.146453376449388,-0.950501362010581
"738",15.6393530770096,0.288670688949963,-0.802858780173406
"739",17.0917933626267,0.25177232659893,-0.815784044081508
"740",13.6204473007068,0.358850942125662,-0.751586259571806
"741",19.5471588157318,0.206621360181922,-0.861023358099275
"742",18.7785026743581,0.2225557672962,-0.84307276629588
"743",17.2756099964001,0.252226014842857,-0.805299562938892
"744",20.8449807977206,0.190348259023325,-0.894487375226974
"745",15.0997617810421,0.296671538672489,-0.81972411369757
"746",21.8575232001797,0.177788998581874,-0.897065962847917
"747",16.6515207972034,0.260200486465555,-0.819926106762149
"748",14.5070544052555,0.326370307081263,-0.766597274107439
"749",15.0571422542908,0.310331566173373,-0.765564670744009
"750",16.8223848880264,0.2605805863226,-0.806952881727328
"751",17.2392721739564,0.249737846693494,-0.814062024802684
"752",15.4229596769291,0.298688653803007,-0.763926124802895
"753",19.4030793493242,0.208631701151717,-0.859102164493549
"754",16.2627274618705,0.272483709663403,-0.794190975767127
"755",23.6904616073591,0.15795548098088,-0.932875146256864
"756",17.3973043445424,0.242017195584331,-0.855599184632928
"757",14.1884727336519,0.346642175065264,-0.7127048729112
"758",18.8563069901253,0.213096338818589,-0.88013869240428
"759",17.5743893053453,0.242925456428983,-0.823386498310658
"760",21.5804100996289,0.176350310529866,-0.936700503257488
"761",15.7633023868378,0.287406439176992,-0.77441681981674
"762",21.8477373088858,0.181279266677569,-0.876426937101259
"763",17.6566489669381,0.243109047344209,-0.832245912654619
"764",17.1509432765377,0.251278922122906,-0.835754222717581
"765",18.9961687796826,0.214107018527903,-0.854982008110847
"766",15.4972071148403,0.29195779223576,-0.813029900551974
"767",17.5951108434602,0.239218757191204,-0.864232355061512
"768",19.2235728530161,0.205928697023248,-0.89124313838411
"769",16.5063137200326,0.274719040877824,-0.76650591589561
"770",14.5782120690036,0.334608051457967,-0.711753102567125
"771",15.6103840034012,0.292003656837309,-0.794421168143085
"772",16.8469294176078,0.256398712123974,-0.823858749290762
"773",14.6951299048784,0.319742009107459,-0.759906450248026
"774",16.0967026754515,0.271392706438159,-0.829664676694046
"775",16.013142256822,0.285402507181948,-0.783346202107738
"776",14.8451282052183,0.304990284625326,-0.809487056076795
"777",15.7707577239157,0.289891229303869,-0.746398042746165
"778",20.5621892706152,0.19428860592483,-0.875514867138073
"779",19.164056048811,0.212504672912552,-0.860105517026233
"780",17.1800839638047,0.247562467796724,-0.824737244936422
"781",20.7013825925563,0.193059677101801,-0.869210894657817
"782",15.6211539741149,0.296905494745355,-0.76421450316096
"783",18.9599166327738,0.212971770155851,-0.891492121925768
"784",18.0372402792799,0.234589374326037,-0.820867554258454
"785",17.0751571422302,0.253123567496854,-0.833266479515989
"786",15.2079163104488,0.300924050197302,-0.797434174993771
"787",21.4049498220318,0.178371527698456,-0.960557918721971
"788",19.118205133874,0.203343549374057,-0.946379949450172
"789",16.8799503496471,0.260033525297674,-0.798468775505082
"790",17.4494679721936,0.244025650631731,-0.849185269400121
"791",17.5635015285072,0.244275943124725,-0.822315955819336
"792",26.0474397275109,0.138164719435965,-0.974064929355085
"793",17.2516675300233,0.240117400413873,-0.888713343268087
"794",18.0733198565969,0.232750463942191,-0.828790567881763
"795",16.1658469282515,0.273919121539256,-0.819657994267534
"796",15.4174602292479,0.294063437094921,-0.787938007729364
"797",16.5090581767594,0.265982792042484,-0.803724407309451
"798",16.4258945647168,0.26865129949813,-0.80036458900343
"799",14.161479733629,0.346104723901478,-0.71986501108494
"800",14.3921081297426,0.332053578153402,-0.738261652198828
"801",17.6610488133639,0.231925355414262,-0.878626643431084
"802",14.7994402991986,0.31075996987978,-0.78460457716437
"803",18.506235933229,0.220891821548849,-0.882488258068753
"804",15.1729551468324,0.305073363698988,-0.778222709880774
"805",19.9201966800916,0.200570784410541,-0.876880639999352
"806",17.5219019039278,0.248315035038673,-0.796394231964928
"807",16.3241696284681,0.273162391300748,-0.783282146823529
"808",18.409462969529,0.221286647031348,-0.886566046583285
"809",16.7730806683846,0.260307044316264,-0.802706434351356
"810",16.1982589964885,0.27399555554243,-0.80254694769836
"811",16.2846054954235,0.275462946085462,-0.789804638011452
"812",16.5306317549387,0.267153552361364,-0.805752979003007
"813",16.3941228352829,0.272199452506243,-0.778083295814842
"814",14.5933825011545,0.324806484288377,-0.759716966283858
"815",19.9278950112528,0.204458509076252,-0.842476928758778
"816",17.8463862192261,0.231893909768165,-0.878576232657767
"817",16.8091917548515,0.257877469140124,-0.810010014914837
"818",13.3631066010096,0.376175746827531,-0.721564642054994
"819",17.9183279354744,0.228653107906321,-0.876264211243562
"820",14.5354855713114,0.321853744270746,-0.768172800362889
"821",15.9626830863304,0.278093933607971,-0.790878809202576
"822",23.3300378362509,0.162556829435366,-0.919012692786694
"823",16.5806190212093,0.260856195493392,-0.841391484774056
"824",23.8855756496607,0.161737820326541,-0.88733848746399
"825",16.0904371796485,0.27469097948143,-0.82881993470772
"826",18.9191313149201,0.221163185060596,-0.834714110965016
"827",14.6663227521399,0.322196555364009,-0.758422961561529
"828",17.0320599451655,0.259405605227053,-0.792942614297483
"829",16.6247295947353,0.271207752628797,-0.777785930872973
"830",21.5535628340938,0.183626532432446,-0.875803327529514
"831",17.175922297179,0.249428525206835,-0.834530570177061
"832",16.9154368347653,0.253873503376232,-0.82858670087622
"833",18.7684001149914,0.225041297108582,-0.817751110866501
"834",16.6554871578995,0.260898625201838,-0.824573968700349
"835",15.6241373464557,0.284183535889119,-0.819920107586151
"836",16.5329390967795,0.266365531518801,-0.806567566949794
"837",15.9892976729321,0.280416411321279,-0.786582236530634
"838",16.3063087704419,0.267041143568981,-0.822462333536269
"839",15.6755975801066,0.286512963745326,-0.804415050944999
"840",20.9513880256701,0.189970132571808,-0.853270667705081
"841",17.5376184392822,0.243129734753263,-0.832402936138485
"842",13.9492495016477,0.352960266570398,-0.744023836109088
"843",16.5454842619257,0.264493441957141,-0.822616180590843
"844",17.4678788136963,0.243278278827763,-0.855171381934271
"845",16.8855017561681,0.257388879538496,-0.822045921978312
"846",17.7611176671012,0.235364487639091,-0.849508076707518
"847",15.914161839572,0.27063969738242,-0.843392597679222
"848",18.6910767505531,0.219746462961114,-0.839001761258154
"849",16.9901782242226,0.258316932439805,-0.811626575792351
"850",15.2699441872102,0.297356704184505,-0.793674473106019
"851",16.1364262781333,0.270747399146309,-0.821651909943282
"852",21.7025236459856,0.179206626704065,-0.897045185349074
"853",20.5828168251035,0.193832032094827,-0.876629581786405
"854",17.1188929549151,0.246802575663514,-0.835532623798837
"855",16.4670685065155,0.270224917904005,-0.78905895034398
"856",19.5926167533991,0.208966587666172,-0.855121947872264
"857",15.1791845491869,0.30088397737471,-0.788630086119579
"858",15.1004155374695,0.307579170154211,-0.768662456762324
"859",16.9025614288942,0.253218593448101,-0.824273642741687
"860",15.7431630133897,0.285881094019311,-0.798897627342059
"861",17.8684214298413,0.23438153456134,-0.844852899152863
"862",19.4080430191143,0.203063725389673,-0.923073302939889
"863",15.8086003141633,0.278032804158649,-0.831053863237119
"864",22.9645583167044,0.165450099610006,-0.905908702843307
"865",19.0215738465151,0.213712516020366,-0.874977174584746
"866",16.1138132084151,0.280394824011223,-0.750935516034868
"867",15.5364771768552,0.290681146884265,-0.778313525725642
"868",15.7996799933801,0.279998051104478,-0.818859749363012
"869",19.2442344175605,0.207941667087598,-0.893716477328149
"870",17.9509465219685,0.237305712309315,-0.830361372508391
"871",18.4989884116065,0.229916243744831,-0.823294507176943
"872",18.9851370976129,0.217443826889169,-0.861935037351548
"873",17.1157917130751,0.252119807866749,-0.840906694516339
"874",19.43374642928,0.207244651818826,-0.867696247243577
"875",17.8973056367097,0.231483740350334,-0.857457401978664
"876",20.1065089146445,0.193207494274763,-0.910830816908406
"877",22.6533542444526,0.166791521688668,-0.919476920998906
"878",15.7667427344413,0.281844266822695,-0.815866350703759
"879",16.1771837233487,0.278044415866353,-0.783600110735655
"880",15.6649598398109,0.287920531606944,-0.785758040599248
"881",19.5385217744882,0.206551676953126,-0.877369787454835
"882",18.2100973903985,0.22332710043784,-0.903921924711683
"883",14.833434815983,0.313167450131993,-0.780857563373723
"884",19.3005298469555,0.20972989363202,-0.868884521861294
"885",13.7905626295711,0.354878262178807,-0.740360610714295
"886",13.9365441246028,0.349943174051167,-0.747394064505542
"887",19.1431439793318,0.210210245643958,-0.898726533480433
"888",15.292826152573,0.292647734250622,-0.821726224397358
"889",13.7153338267578,0.361059021012919,-0.719945525339517
"890",19.4168217887241,0.202909364816888,-0.913027692539989
"891",14.564421446359,0.323541336457346,-0.750518013056497
"892",21.1650337302708,0.186992591787706,-0.889172227534079
"893",23.1036294352638,0.162820358872382,-0.938933836578761
"894",14.7274767606875,0.301819855669497,-0.833457243660012
"895",17.2993303871163,0.251951423058856,-0.811666373711431
"896",19.0303788738795,0.216472574077624,-0.863704627550598
"897",14.2771861684817,0.327861700205561,-0.78043173425051
"898",18.0088901276194,0.234033639572451,-0.849595111630282
"899",17.1067578991651,0.245770677316368,-0.874615190962095
"900",18.630578364082,0.226411271664983,-0.832145740359133
"901",19.6287299395795,0.201543707898719,-0.902227553139049
"902",16.7142832502488,0.264795428023203,-0.791760999242229
"903",15.0088886044736,0.307874699998648,-0.779730333373294
"904",15.2959007091136,0.302533617660934,-0.770955249475401
"905",15.2358993736,0.300593451966206,-0.767623118101713
"906",17.0979259605324,0.255328274621885,-0.790490062160002
"907",19.5149208606211,0.208619356111517,-0.854097729937107
"908",17.5331364689815,0.246612992765622,-0.803435319919849
"909",17.5432781660949,0.241740104486646,-0.846988006828972
"910",20.3264689842447,0.194612694021508,-0.88696951790363
"911",16.7114120526045,0.263867489738697,-0.809824671344602
"912",16.1289336628866,0.272531663625212,-0.818889815392792
"913",16.1659846200833,0.274089880221306,-0.795243216523226
"914",17.5118670623798,0.245959911870255,-0.809130766129897
"915",14.9524913602938,0.311189128677462,-0.75836835107828
"916",16.7083014240398,0.258901043941856,-0.835751625275382
"917",15.665134213179,0.288177677211936,-0.798466767987115
"918",17.4907474025164,0.243318392329288,-0.841141882145445
"919",16.6044534180966,0.268566453682228,-0.776920393762628
"920",17.0365069583304,0.252943130562664,-0.832132025303569
"921",16.8742611713527,0.260775984109813,-0.795355971919763
"922",15.2445499649968,0.303445628065487,-0.774684566321604
"923",15.8609340815876,0.291927057744427,-0.750450057667194
"924",20.6353986517824,0.193643236059919,-0.857264545838682
"925",16.1456302328863,0.28250227608394,-0.764648047678078
"926",14.9997671695759,0.315713639241758,-0.745847475772201
"927",20.4556954288138,0.193353567877101,-0.887727845943812
"928",17.1039816228647,0.258547888460945,-0.794963846631892
"929",16.1227297147658,0.274086868603681,-0.820254251745971
"930",15.4377952116565,0.301118972918071,-0.765895439233819
"931",17.3426001481776,0.245828017776535,-0.839336098867159
"932",21.2482468799276,0.184244752601913,-0.887604505906182
"933",17.9606501393927,0.230786963725267,-0.869148380107494
"934",17.1095996511527,0.249137280769719,-0.84970908309907
"935",20.2851694076589,0.202667444157547,-0.834342107690149
"936",23.6141198070429,0.155811831628088,-0.970412971963814
"937",15.2333193063606,0.303342265473625,-0.770978365399298
"938",16.224580438993,0.279442186422347,-0.778762948705919
"939",16.8563681140942,0.262276174973557,-0.797854993206565
"940",16.9363307230004,0.254750599513146,-0.828084383043779
"941",20.5581789707138,0.192841367424884,-0.876622701575967
"942",17.0753311866272,0.254878523886423,-0.803576247317212
"943",19.1376078936899,0.210404195431243,-0.872856318477381
"944",15.5438872433649,0.295284653122794,-0.785761824980497
"945",15.3406939665954,0.295250289972405,-0.814652272964891
"946",16.7882498402103,0.264032511273301,-0.786073232193005
"947",19.4420574452719,0.207887842773553,-0.870329745381132
"948",15.9914273735054,0.283269423226432,-0.780246320758182
"949",21.1204780046832,0.182342770752787,-0.922014930351698
"950",19.6183879372682,0.206176033600828,-0.875565209361044
"951",18.3180931207973,0.231082726281168,-0.80548534492399
"952",19.8220289536572,0.199801129152659,-0.906037294007631
"953",17.306875651043,0.250192508464509,-0.826279023363895
"954",19.0049531733545,0.216046002493512,-0.865139275048984
"955",13.9867496325961,0.347551130759312,-0.746734485603093
"956",16.8074722905476,0.262373262410308,-0.800824582711193
"957",16.0384336608355,0.272671685417463,-0.812743334949631
"958",18.3319324165572,0.223906018162837,-0.876808923231896
"959",17.2192877571324,0.250207902407282,-0.829939989481347
"960",14.8544418901257,0.318179068890299,-0.752563871869497
"961",19.8316760430014,0.208894876816869,-0.825705980951192
"962",18.5905739063514,0.218342930232476,-0.87587901995301
"963",17.7882009589595,0.240754955417683,-0.822812483096681
"964",17.1603641764506,0.249063568175314,-0.822070007736192
"965",18.1461936361132,0.235996479215185,-0.82116242565311
"966",15.4460484235714,0.30072802166323,-0.768713267374064
"967",18.3738145429591,0.227097877135336,-0.844187269634246
"968",20.0283470783831,0.199412566373345,-0.886155467782878
"969",17.5733098242202,0.243400539254178,-0.82121784728488
"970",22.0497751939396,0.169452440433285,-0.963622244867784
"971",15.617915566099,0.28065061218511,-0.829715033484994
"972",15.4238410546601,0.292647832065282,-0.791368207814017
"973",18.1315974232318,0.232199812926647,-0.846865546030625
"974",17.7163229813066,0.236714651638869,-0.838666743839593
"975",18.3427446397705,0.223632474614733,-0.87603182667587
"976",17.2077956888518,0.249474510405531,-0.828113324601472
"977",16.5474355782309,0.263542196349871,-0.808253816669625
"978",14.7954570265658,0.321140962910237,-0.746088456531215
"979",15.2232369365463,0.300813210523526,-0.787498077682045
"980",17.2968763838796,0.250828041672511,-0.80090862923472
"981",18.9848750618521,0.220254655067316,-0.841391718631107
"982",13.6155366168541,0.358489662107616,-0.758759942868837
"983",18.6223998392764,0.224824852845767,-0.840531276737654
"984",16.9637192445735,0.247739570715163,-0.860276015815266
"985",14.4916548742131,0.325377623324745,-0.762382364127876
"986",18.0258293396121,0.237614468417409,-0.81813432581466
"987",18.1837320182791,0.23177660732394,-0.840992784632984
"988",17.0226295780796,0.257980200326183,-0.799047596216639
"989",19.4390966286281,0.210643493522585,-0.855041078177224
"990",16.0763599016134,0.273071504788077,-0.820331945536983
"991",15.1602764211008,0.302620942053395,-0.78155875075988
"992",15.2309905017134,0.301874631181847,-0.775838490158264
"993",13.114877559925,0.382765636109122,-0.733605970259782
"994",23.5145205128399,0.160523197084748,-0.919685552114063
"995",18.9962349639955,0.208750708048006,-0.906403922567796
"996",15.1219763275102,0.305014217192607,-0.770669557610651
"997",16.282220646992,0.274052655061763,-0.796743286347626
"998",15.0616388293916,0.297849205202941,-0.829986906970125
"999",14.9716330239464,0.311418921722722,-0.745101025641866
"1000",16.8221374777699,0.255968655117753,-0.841222727047897
