"","COMID","width.ft","PercentWoodyDebris","LengthFt","BottomWidthFt","width.km"
"1","12953246",55.8,35,81.9,46.2,0.01700784
"10","12953246",47.4,30,156.3,53.1,0.01444752
"1.1","12953248",55.8,35,81.9,46.2,0.01700784
"528","12953292",20.7,20,44.7,26.7,0.00630936
"529","12953292",26.7,10,99.6,21.9,0.00813816
"530","12953292",21.9,15,1236.6,20.7,0.00667512
"531","12953292",20.7,15,1150.8,33.9,0.00630936
"532","12953292",33.9,5,1247.4,21.9,0.01033272
"534","12953292",32.4,10,1162.5,30.3,0.00987552
"535","12953292",30.3,20,1341.9,34.5,0.00923544
"536","12953292",34.5,20,1177.8,53.4,0.0105156
"537","12953292",53.4,25,396.9,20.4,0.01627632
"538","12953292",20.4,25,483.6,22.5,0.00621792
"539","12953292",22.5,15,941.4,27.3,0.006858
"540","12953292",27.3,15,367.5,27,0.00832104
"541","12953292",27,30,800.4,27,0.0082296
"542","12953292",27,10,753.6,41.7,0.0082296
"543","12953292",41.7,10,81.6,23.4,0.01271016
"544","12953292",23.4,15,124.2,25.8,0.00713232
"545","12953292",25.8,5,164.4,29.1,0.00786384
"546","12953292",29.1,30,444.6,32.4,0.00886968
"547","12953292",32.4,20,115.5,31.2,0.00987552
"548","12953292",31.2,15,1416,39.3,0.00950976
"474","12953286",21.3,20,1206.9,15.3,0.00649224
"476","12953286",19.5,40,1207.5,38.1,0.0059436
"477","12953286",38.1,50,1223.1,28.2,0.01161288
"478","12953286",28.2,50,919.2,46.2,0.00859536
"481","12953286",27.6,30,1345.5,41.4,0.00841248
"482","12953286",41.4,15,1205.1,38.4,0.01261872
"483","12953286",38.4,15,1254.3,18.6,0.01170432
"484","12953286",18.6,10,78,31.2,0.00566928
"485","12953286",31.2,40,1164.6,31.5,0.00950976
"486","12953286",31.5,30,1003.8,30.9,0.0096012
"487","12953286",30.9,30,968.1,34.5,0.00941832
"488","12953286",34.5,20,530.3,48,0.0105156
"489","12953286",48,20,648.1,42.6,0.0146304
"490","12953286",42.6,0,22.2,24,0.01298448
"491","12953286",24,15,1154.7,23.1,0.0073152
"492","12953286",23.1,15,964.2,26.1,0.00704088
"495","12953286",26.4,10,427.8,24.3,0.00804672
"498","12953286",27,25,941.1,47.7,0.0082296
"499","12953286",47.7,15,969.6,24,0.01453896
"500","12953286",24,10,1121.1,16.2,0.0073152
"501","12953286",16.2,10,1098,26.1,0.00493776
"502","12953286",26.1,5,34.8,22.5,0.00795528
"503","12953286",22.5,5,160.5,18.6,0.006858
"505","12953286",40.8,25,1186.2,29.4,0.01243584
"506","12953286",29.4,25,1108.8,17.7,0.00896112
"508","12953286",23.4,20,1046.1,36.3,0.00713232
"509","12953286",36.3,5,66.9,26.4,0.01106424
"510","12953286",26.4,10,762.6,29.1,0.00804672
"511","12953286",29.1,5,155.4,28.8,0.00886968
"513","12953286",24.6,15,1217.4,21.6,0.00749808
"514","12953286",21.6,15,757.8,30.3,0.00658368
"515","12953286",30.3,15,75.6,15.6,0.00923544
"516","12953286",15.6,20,1099.8,26.1,0.00475488
"517","12953286",26.1,20,1249.8,19.8,0.00795528
"519","12953286",28.2,20,1287.6,18.6,0.00859536
"520","12953286",18.6,30,1264.5,24.3,0.00566928
"521","12953286",24.3,25,1307.1,21.9,0.00740664
"522","12953286",21.3,5,67.8,18.6,0.00649224
"523","12953286",18.6,0,30,19.5,0.00566928
"524","12953286",19.5,25,1143.3,27.3,0.0059436
"525","12953286",27.3,35,684.9,31.2,0.00832104
"526","12953286",31.2,25,136.8,45.3,0.00950976
"527","12953286",45.3,10,221.7,20.7,0.01380744
"528.1","12953286",20.7,20,44.7,26.7,0.00630936
"529.1","12953286",26.7,10,99.6,21.9,0.00813816
"530.1","12953286",21.9,15,1236.6,20.7,0.00667512
"528.2","12953288",20.7,20,44.7,26.7,0.00630936
"529.2","12953288",26.7,10,99.6,21.9,0.00813816
"1176","12953308",66,10,222,84,0.0201168
"1177","12953308",84,10,852,63,0.0256032
"1179","12953308",72,5,1356,153,0.0219456
"1180","12953308",153,10,462,75,0.0466344
"1181","12953308",75,10,7836,87,0.02286
"1182","12953308",87,5,315,87,0.0265176
"1183","12953308",87,10,336,84,0.0265176
"1184","12953308",84,10,285,72,0.0256032
"1185","12953308",72,10,183,66,0.0219456
"1186","12953308",66,5,483,102,0.0201168
"1187","12953308",102,15,1029,93,0.0310896
"1189","12953308",90,10,519,96,0.027432
"1190","12953308",96,5,234,102,0.0292608
"1116","12953318",48,10,168,96,0.0146304
"1117","12953318",72,10,486,75,0.0219456
"1118","12953318",75,10,579,57,0.02286
"1119","12953318",57,15,144,63,0.0173736
"1120","12953318",63,15,249,93,0.0192024
"1121","12953318",93,0,249,66,0.0283464
"1122","12953318",66,10,297,75,0.0201168
"1123","12953318",75,15,4152,63,0.02286
"1126","12953318",57,15,120,42,0.0173736
"1127","12953318",48,10,456,78,0.0146304
"1129","12953318",51,20,936,63,0.0155448
"1130","12953318",63,10,129,51,0.0192024
"1131","12953318",51,15,1398,57,0.0155448
"1132","12953318",57,15,315,54,0.0173736
"1133","12953318",54,15,942,96,0.0164592
"1174","12953318",69,10,90,84,0.0210312
"1175","12953318",84,10,3726,66,0.0256032
"1223","12953318",75,10,2385,69,0.02286
"1110","12952858",87,20,234,90,0.0265176
"1111","12952858",90,15,1476,99,0.027432
"1112","12952858",99,10,360,102,0.0301752
"1113","12952858",72,20,1086,102,0.0219456
"1114","12952858",102,15,1005,93,0.0310896
"1081","12953314",336,15,222,54,0.1024128
"1082","12953314",39,15,126,36,0.0118872
"1083","12953314",36,10,1266,48,0.0109728
"1084","12953314",48,5,93,36,0.0146304
"1085","12953314",36,10,1749,60,0.0109728
"1086","12953314",60,20,159,63,0.018288
"1087","12953314",66,15,135,51,0.0201168
"1088","12953314",51,15,30,51,0.0155448
"1089","12953314",51,20,3819,72,0.0155448
"1090","12953314",72,20,138,72,0.0219456
"1091","12953314",72,15,2586,30,0.0219456
"1092","12953314",30,20,39,36,0.009144
"1093","12953314",36,20,195,66,0.0109728
"1094","12953314",54,20,177,69,0.0164592
"1095","12953314",69,15,696,84,0.0210312
"1096","12953314",84,20,138,75,0.0256032
"1098","12953314",72,20,111,51,0.0219456
"1099","12953314",51,15,894,54,0.0155448
"1100","12953314",54,5,684,39,0.0164592
"1101","12953314",72,20,6168,72,0.0219456
"1102","12953314",72,15,66,75,0.0219456
"1103","12953314",75,15,3102,84,0.02286
"1104","12953314",84,10,159,84,0.0256032
"1105","12953314",84,15,1014,102,0.0256032
"1106","12953314",102,20,114,75,0.0310896
"1107","12953314",75,15,1584,78,0.02286
"1108","12953314",78,15,225,57,0.0237744
"1109","12953314",57,15,489,87,0.0173736
"1135","12953314",69,10,1011,72,0.0210312
"1136","12953314",72,10,141,63,0.0219456
"1137","12953314",63,15,612,57,0.0192024
"1138","12953314",57,10,177,54,0.0173736
"1139","12953314",54,15,5613,48,0.0164592
"1140","12953314",48,15,123,57,0.0146304
"1141","12953314",57,10,621,93,0.0173736
"1142","12953314",93,10,228,72,0.0283464
"1143","12953314",72,10,108,75,0.0219456
"1144","12953314",75,5,81,51,0.02286
"1145","12953314",51,10,204,54,0.0155448
"1146","12953314",51,5,258,54,0.0155448
"1147","12953314",54,20,156,42,0.0164592
"1148","12953314",54,5,144,66,0.0164592
"1149","12953314",66,10,90,66,0.0201168
"1150","12953314",66,10,366,72,0.0201168
"1151","12953314",72,10,87,42,0.0219456
"1152","12953314",42,5,459,36,0.0128016
"1153","12953314",36,10,111,54,0.0109728
"1154","12953314",54,15,687,48,0.0164592
"1158","12953314",42,15,330,48,0.0128016
"1159","12953314",48,15,132,42,0.0146304
"1160","12953314",42,15,132,51,0.0128016
"1161","12953314",51,10,312,48,0.0155448
"1162","12953314",48,20,3840,87,0.0146304
"1163","12953314",87,10,396,57,0.0265176
"1164","12953314",57,20,108,66,0.0173736
"1166","12953314",90,20,6840,72,0.027432
"1167","12953314",72,10,759,57,0.0219456
"1168","12953314",57,5,126,66,0.0173736
"1169","12953314",66,10,138,57,0.0201168
"1170","12953314",39,5,144,63,0.0118872
"1171","12953314",63,5,90,72,0.0192024
"1172","12953314",72,5,93,48,0.0219456
"1173","12953314",48,10,1740,72,0.0146304
"1079","12953312",45,10,135,51,0.013716
"1080","12953312",51,10,1392,33,0.0155448
"1081.1","12953312",336,15,222,54,0.1024128
"1059","12953316",30,10,141,39,0.009144
"1060","12953316",30,10,4554,57,0.009144
"1061","12953316",54,20,141,48,0.0164592
"1062","12953316",60,10,1476,42,0.018288
"1063","12953316",42,5,78,48,0.0128016
"1064","12953316",48,5,258,45,0.0146304
"1065","12953316",45,10,84,42,0.013716
"1066","12953316",42,5,168,36,0.0128016
"1069","12953316",36,15,78,36,0.0109728
"1070","12953316",36,10,414,39,0.0109728
"1071","12953316",39,10,150,48,0.0118872
"1072","12953316",48,5,420,87,0.0146304
"1073","12953316",87,5,57,60,0.0265176
"1074","12953316",60,5,201,69,0.018288
"1075","12953316",69,10,159,42,0.0210312
"1076","12953316",42,5,312,42,0.0128016
"1077","12953316",60,15,87,39,0.018288
"1078","12953316",39,10,1458,45,0.0118872
"549","12952856",39.3,10,1251,39.6,0.01197864
"550","12952856",39.6,10,526.8,43.8,0.01207008
"551","12952856",31.2,15,1092.9,34.2,0.00950976
"552","12952856",34.2,10,274.2,49.2,0.01042416
"554","12952856",43.8,25,204.3,39,0.01335024
"555","12952856",39,20,170.4,59.4,0.0118872
"1606","12952890",60,10,231,72,0.018288
"1607","12952890",72,10,504,60,0.0219456
"1608","12952890",60,10,255,57,0.018288
"1609","12952890",57,20,1203,54,0.0173736
"1610","12952890",54,10,111,48,0.0164592
"1611","12952890",51,15,1803,39,0.0155448
"1612","12952890",39,10,132,78,0.0118872
"1613","12952890",78,20,3519,51,0.0237744
"1614","12952890",51,20,162,45,0.0155448
"1615","12952890",45,15,1146,72,0.013716
"1616","12952890",72,15,180,51,0.0219456
"1617","12952890",51,20,2007,69,0.0155448
"1081.2","12953310",336,15,222,54,0.1024128
"1058","12953322",30,5,2991,30,0.009144
"1649","12952968",78,5,306,51,0.0237744
"1650","12952968",51,5,240,54,0.0155448
"1651","12952968",54,10,288,51,0.0164592
"1652","12952968",51,10,354,60,0.0155448
"1653","12952968",60,10,501,48,0.018288
"1654","12952968",48,10,342,57,0.0146304
"1655","12952968",57,15,1287,54,0.0173736
"1656","12952968",54,15,258,48,0.0164592
"1657","12952968",48,20,705,48,0.0146304
"1658","12952968",48,10,408,48,0.0146304
"1659","12952968",48,10,1218,66,0.0146304
"1660","12952968",66,5,261,57,0.0201168
"1661","12952968",57,10,258,63,0.0173736
"1662","12952968",63,10,345,54,0.0192024
"1663","12952968",54,10,192,51,0.0164592
"1664","12952968",51,5,327,48,0.0155448
"1665","12952968",48,10,459,48,0.0146304
"1666","12952968",48,10,222,51,0.0146304
"1667","12952968",51,5,231,54,0.0155448
"1668","12952968",54,15,747,51,0.0164592
"1669","12952968",51,15,345,51,0.0155448
"1670","12952968",51,10,372,54,0.0155448
"1671","12952968",54,5,591,69,0.0164592
"1672","12952968",69,10,249,48,0.0210312
"1673","12952968",48,15,159,54,0.0146304
"1674","12952968",54,10,549,54,0.0164592
"1675","12952968",54,10,318,60,0.0164592
"1676","12952968",60,15,627,60,0.018288
"1677","12952968",60,20,501,54,0.018288
"1678","12952968",54,15,216,72,0.0164592
"1679","12952968",75,5,252,51,0.02286
"1680","12952968",51,10,402,48,0.0155448
"1681","12952968",48,5,537,51,0.0146304
"1682","12952968",51,15,441,48,0.0155448
"1683","12952968",48,10,372,60,0.0146304
"1684","12952968",60,10,327,48,0.018288
"1685","12952968",48,10,372,60,0.0146304
"1686","12952968",60,5,189,54,0.018288
"1687","12952968",54,20,312,48,0.0164592
"1688","12952968",48,5,468,54,0.0146304
"1689","12952968",48,15,291,45,0.0146304
"1690","12952968",45,5,282,45,0.013716
"1691","12952968",45,10,264,57,0.013716
"1692","12952968",57,5,402,78,0.0173736
"1693","12952968",78,10,159,54,0.0237744
"1694","12952968",54,10,1092,60,0.0164592
"1695","12952968",60,10,345,48,0.018288
"1696","12952968",48,5,228,51,0.0146304
"1697","12952968",51,5,222,60,0.0155448
"1698","12952968",60,5,528,54,0.018288
"1699","12952968",54,10,726,51,0.0164592
"1700","12952968",51,10,156,60,0.0155448
"1701","12952968",60,10,213,57,0.018288
"1702","12952968",57,20,144,60,0.0173736
"1703","12952968",60,10,231,60,0.018288
"1704","12952968",60,5,786,54,0.018288
"1705","12952968",54,5,141,48,0.0164592
"1706","12952968",48,10,525,60,0.0146304
"1707","12952968",60,10,327,48,0.018288
"1708","12952968",48,10,297,54,0.0146304
"1709","12952968",54,5,261,42,0.0164592
"1710","12952968",42,5,708,51,0.0128016
"1711","12952968",51,5,462,60,0.0155448
"1713","12952968",63,5,843,63,0.0192024
"1714","12952968",63,5,492,60,0.0192024
"1715","12952968",60,10,540,60,0.018288
"1639","12952980",66,10,885,57,0.0201168
"1640","12952980",57,10,435,54,0.0173736
"1641","12952980",54,15,159,51,0.0164592
"1642","12952980",51,5,279,66,0.0155448
"1643","12952980",66,10,192,69,0.0201168
"1645","12952980",54,5,195,60,0.0164592
"1646","12952980",60,10,510,90,0.018288
"1647","12952980",60,10,510,90,0.018288
"1648","12952980",90,5,207,78,0.027432
"1638","12952992",75,10,2208,66,0.02286
"1631","12953010",72,10,156,66,0.0219456
"1632","12953010",66,15,186,57,0.0201168
"1633","12953010",57,5,162,57,0.0173736
"1634","12953010",57,5,903,69,0.0173736
"1635","12953010",69,5,252,54,0.0210312
"1636","12953010",54,10,3126,72,0.0164592
"1637","12953010",72,5,696,75,0.0219456
"1629","12953024",69,25,108,57,0.0210312
"1630","12953024",57,10,8637,72,0.0173736
"1589","12953348",72,10,204,90,0.0219456
"1590","12953348",90,10,1410,66,0.027432
"1591","12953348",66,10,1302,90,0.0201168
"1592","12953348",90,10,750,75,0.027432
"1593","12953348",75,20,219,66,0.02286
"1594","12953348",66,15,360,66,0.0201168
"1595","12953348",66,15,1272,45,0.0201168
"1596","12953348",45,15,390,63,0.013716
"1597","12953348",63,20,918,60,0.0192024
"1598","12953348",60,15,75,63,0.018288
"1599","12953348",63,15,639,54,0.0192024
"1600","12953348",54,10,420,42,0.0164592
"1601","12953348",42,15,696,42,0.0128016
"1602","12953348",42,10,120,60,0.0128016
"1603","12953348",60,10,126,51,0.018288
"1604","12953348",51,5,123,69,0.0155448
"1618","12953348",66,10,3360,63,0.0201168
"1619","12953348",63,5,165,54,0.0192024
"1620","12953348",54,15,1497,69,0.0164592
"1621","12953348",69,15,153,66,0.0210312
"1622","12953348",66,10,324,57,0.0201168
"1623","12953348",57,5,180,60,0.0173736
"1624","12953348",60,10,204,60,0.018288
"1625","12953348",60,10,141,63,0.018288
"1626","12953348",63,15,639,63,0.0192024
"1627","12953348",63,10,174,69,0.0192024
"1566","12953052",48,10,150,48,0.0146304
"1567","12953052",45,10,336,48,0.013716
"1568","12953052",48,10,279,57,0.0146304
"1569","12953052",57,10,423,36,0.0173736
"1570","12953052",45,10,255,51,0.013716
"1571","12953052",48,10,336,42,0.0146304
"1572","12953052",42,5,126,39,0.0128016
"1573","12953052",39,10,2820,39,0.0118872
"1574","12953052",39,0,120,57,0.0118872
"1575","12953052",39,5,99,69,0.0118872
"1576","12953052",69,10,144,54,0.0210312
"1577","12953052",45,10,3393,57,0.013716
"1578","12953052",48,10,72,45,0.0146304
"1579","12953052",45,10,1554,45,0.013716
"1580","12953052",45,5,66,51,0.013716
"1581","12953052",51,10,11739,48,0.0155448
"1582","12953052",51,5,375,75,0.0155448
"1583","12953052",75,20,4890,78,0.02286
"1584","12953052",78,5,591,69,0.0237744
"1585","12953052",69,10,588,69,0.0210312
"1586","12953052",57,10,120,69,0.0173736
"1587","12953052",69,10,249,69,0.0210312
"1588","12953052",69,10,1662,72,0.0210312
"1563","12953068",48,10,2244,63,0.0146304
"1564","12953068",39,5,111,39,0.0118872
"1565","12953068",39,10,5757,48,0.0118872
"1561","12954900",51,15,99,45,0.0155448
"1562","12954900",45,20,939,54,0.013716
"1561.1","12954898",51,15,99,45,0.0155448
"1561.2","12954924",51,15,99,45,0.0155448
"1531","12955116",36,20,114,48,0.0109728
"1532","12955116",36,10,1233,42,0.0109728
"1533","12955116",42,20,81,39,0.0128016
"1534","12955116",39,10,1242,33,0.0118872
"1535","12955116",33,5,90,36,0.0100584
"1539","12955116",36,5,108,39,0.0109728
"1540","12955116",39,5,684,54,0.0118872
"1541","12955116",54,10,171,69,0.0164592
"1542","12955116",54,15,954,36,0.0164592
"1544","12955116",42,20,2073,45,0.0128016
"1545","12955116",39,15,93,39,0.0118872
"1546","12955116",39,15,681,42,0.0118872
"1548","12955116",36,15,453,39,0.0109728
"1553","12955116",42,10,111,42,0.0128016
"1554","12955116",51,10,537,51,0.0155448
"1555","12955116",48,10,102,39,0.0146304
"1556","12955116",39,15,372,45,0.0118872
"1558","12955116",45,5,1326,51,0.013716
"1559","12955116",51,30,9,51,0.0155448
"1560","12955116",51,10,3510,51,0.0155448
"1495","12955118",27,5,96,27,0.0082296
"1496","12955118",27,0,87,30,0.0082296
"1497","12955118",30,5,96,39,0.009144
"1498","12955118",39,15,1044,45,0.0118872
"1499","12955118",45,10,72,48,0.013716
"1500","12955118",45,10,885,33,0.013716
"1501","12955118",33,5,93,33,0.0100584
"1502","12955118",33,10,795,30,0.0100584
"1503","12955118",30,10,66,33,0.009144
"1504","12955118",33,20,243,39,0.0100584
"1505","12955118",39,15,153,36,0.0118872
"1506","12955118",36,10,147,39,0.0109728
"1507","12955118",39,10,114,33,0.0118872
"1508","12955118",33,15,129,39,0.0100584
"1509","12955118",39,10,150,39,0.0118872
"1510","12955118",39,10,1266,36,0.0118872
"1513","12955118",36,15,75,36,0.0109728
"1514","12955118",36,15,1506,36,0.0109728
"1515","12955118",36,15,75,36,0.0109728
"1516","12955118",36,15,1218,39,0.0109728
"1517","12955118",36,20,96,39,0.0109728
"1518","12955118",36,15,1290,39,0.0109728
"1519","12955118",39,20,114,42,0.0118872
"1520","12955118",42,10,249,51,0.0128016
"1521","12955118",51,10,90,36,0.0155448
"1522","12955118",39,15,2889,42,0.0118872
"1523","12955118",42,10,102,39,0.0128016
"1524","12955118",45,15,495,36,0.013716
"1525","12955118",36,15,90,33,0.0109728
"1526","12955118",33,10,1809,39,0.0100584
"1527","12955118",39,15,156,39,0.0118872
"1528","12955118",39,10,1086,39,0.0118872
"1529","12955118",39,20,93,36,0.0118872
"1530","12955118",36,15,3168,36,0.0109728
"1417","12955128",30,25,2316,30,0.009144
"1418","12955128",30,15,45,66,0.009144
"1419","12955128",66,20,3639,36,0.0201168
"1420","12955128",36,15,129,54,0.0109728
"1421","12955128",54,15,1446,42,0.0164592
"1422","12955128",42,20,129,51,0.0128016
"1423","12955128",51,25,4647,60,0.0155448
"1424","12955128",51,5,81,39,0.0155448
"1425","12955128",39,10,1158,27,0.0118872
"1428","12955128",33,15,93,30,0.0100584
"1429","12955128",30,15,1044,30,0.009144
"1430","12955128",30,5,144,30,0.009144
"1431","12955128",30,5,174,36,0.009144
"1432","12955128",36,10,96,39,0.0109728
"1433","12955128",39,10,78,30,0.0118872
"1434","12955128",30,15,87,39,0.009144
"1435","12955128",39,10,894,30,0.0118872
"1436","12955128",30,10,87,39,0.009144
"1437","12955128",87,10,1329,36,0.0265176
"1438","12955128",36,5,54,33,0.0109728
"1439","12955128",3,10,864,27,0.0009144
"1440","12955128",27,15,144,30,0.0082296
"1441","12955128",30,15,2076,42,0.009144
"1442","12955128",42,10,90,27,0.0128016
"1443","12955128",27,10,2436,27,0.0082296
"1417.1","12954928",30,25,2316,30,0.009144
"1479","12954904",45,15,102,36,0.013716
"1480","12954904",36,10,534,42,0.0109728
"1481","12954904",42,10,108,36,0.0128016
"1482","12954904",30,10,681,39,0.009144
"1483","12954904",39,5,111,30,0.0118872
"1484","12954904",30,5,573,33,0.009144
"1486","12954904",42,10,591,42,0.0128016
"1489","12954904",45,5,87,27,0.013716
"1490","12954904",27,15,3114,33,0.0082296
"1491","12954904",33,10,72,30,0.0100584
"1492","12954904",30,15,2124,42,0.009144
"1493","12954904",42,10,63,36,0.0128016
"1494","12954904",36,15,3381,27,0.0109728
"1477","12954902",36,5,114,30,0.0109728
"1478","12954902",30,20,1494,45,0.009144
"1479.1","12954902",45,15,102,36,0.013716
"1480.1","12954902",36,10,534,42,0.0109728
"1473","12955112",45,15,99,36,0.013716
"1475","12955112",39,25,117,36,0.0118872
"1476","12955112",36,20,1218,36,0.0109728
"1444","12955158",27,5,102,30,0.0082296
"1445","12955158",30,5,324,36,0.009144
"1446","12955158",36,0,57,42,0.0109728
"1448","12955158",42,10,909,27,0.0128016
"1449","12955158",27,15,114,30,0.0082296
"1450","12955158",30,10,714,36,0.009144
"1451","12955158",36,15,54,30,0.0109728
"1452","12955158",30,10,843,27,0.009144
"1453","12955158",27,15,36,30,0.0082296
"1454","12955158",30,10,546,30,0.009144
"1455","12955158",30,10,75,30,0.009144
"1457","12955158",36,5,84,36,0.0109728
"1458","12955158",36,10,969,33,0.0109728
"1460","12955158",36,10,741,39,0.0109728
"1461","12955158",39,5,75,60,0.0118872
"1462","12955158",60,10,1176,39,0.018288
"1463","12955158",39,5,111,33,0.0118872
"1464","12955158",33,5,99,30,0.0100584
"1465","12955158",30,5,96,39,0.009144
"1485","12955158",33,10,111,42,0.0100584
"1463.1","12955120",39,5,111,33,0.0118872
"1464.1","12955120",33,5,99,30,0.0100584
"1465.1","12955120",30,5,96,39,0.009144
"1479.2","12954894",45,15,102,36,0.013716
"1480.2","12954894",36,10,534,42,0.0109728
"1350","12955136",36,0,78,33,0.0109728
"1351","12955136",33,0,72,78,0.0100584
"1352","12955136",78,0,252,39,0.0237744
"1353","12955136",39,0,96,39,0.0118872
"1354","12955136",39,0,117,36,0.0118872
"1355","12955136",36,5,903,57,0.0109728
"1356","12955136",57,0,126,33,0.0173736
"1357","12955136",33,0,285,39,0.0100584
"1358","12955136",39,5,51,39,0.0118872
"1359","12955136",39,0,201,45,0.0118872
"1360","12955136",45,0,69,30,0.013716
"1361","12955136",30,0,108,36,0.009144
"1362","12955136",45,0,108,48,0.013716
"1363","12955136",48,5,717,36,0.0146304
"1364","12955136",36,0,96,42,0.0109728
"1365","12955136",42,0,987,48,0.0128016
"1366","12955136",45,5,795,60,0.013716
"1367","12955136",60,0,159,42,0.018288
"1368","12955136",42,5,156,51,0.0128016
"1369","12955136",51,5,867,51,0.0155448
"1370","12955136",51,5,282,66,0.0155448
"1371","12955136",66,5,1959,42,0.0201168
"1372","12955136",45,5,99,54,0.013716
"1373","12955136",54,5,6351,27,0.0164592
"1374","12955136",27,5,63,42,0.0082296
"1375","12955136",42,10,984,24,0.0128016
"1376","12955136",24,5,102,39,0.0073152
"1377","12955136",39,5,222,30,0.0118872
"1378","12955136",30,5,45,27,0.009144
"1379","12955136",27,15,366,30,0.0082296
"1380","12955136",30,5,42,42,0.009144
"1381","12955136",42,15,459,54,0.0128016
"1383","12955136",42,5,228,42,0.0128016
"1384","12955136",42,5,114,45,0.0128016
"1385","12955136",45,10,1044,30,0.013716
"1386","12955136",30,5,282,333,0.009144
"1387","12955136",33,5,672,27,0.0100584
"1388","12955136",27,5,192,39,0.0082296
"1389","12955136",39,0,450,27,0.0118872
"1390","12955136",27,5,90,33,0.0082296
"1391","12955136",33,10,204,30,0.0100584
"1392","12955136",30,5,114,30,0.009144
"1393","12955136",30,5,126,24,0.009144
"1394","12955136",24,5,111,27,0.0073152
"1395","12955136",27,5,531,36,0.0082296
"1396","12955136",36,5,114,24,0.0109728
"1397","12955136",24,5,87,30,0.0073152
"1398","12955136",30,15,129,63,0.009144
"1399","12955136",63,15,1824,36,0.0192024
"1400","12955136",36,5,168,21,0.0109728
"1401","12955136",21,5,246,30,0.0064008
"1403","12955136",27,5,75,24,0.0082296
"1404","12955136",24,5,177,33,0.0073152
"1405","12955136",33,5,276,60,0.0100584
"1406","12955136",60,10,321,27,0.018288
"1407","12955136",27,10,486,33,0.0082296
"1408","12955136",33,5,216,36,0.0100584
"1409","12955136",36,5,330,36,0.0109728
"1410","12955136",36,5,81,33,0.0109728
"1412","12955136",45,5,198,54,0.013716
"1413","12955136",54,10,930,33,0.0164592
"1414","12955136",33,10,126,27,0.0100584
"1415","12955136",27,5,303,45,0.0082296
"1416","12955136",45,5,198,30,0.013716
"1417.2","12955136",30,25,2316,30,0.009144
"1447","12955136",48,5,66,45,0.0146304
"1463.2","12954906",39,5,111,33,0.0118872
"1464.2","12954906",33,5,99,30,0.0100584
"1465.2","12954906",30,5,96,39,0.009144
"1466","12954906",30,10,885,30,0.009144
"1467","12954906",30,20,51,39,0.009144
"1468","12954906",39,10,1434,30,0.0118872
"1280","12952772",105,10,216,120,0.032004
"1281","12952772",120,10,1836,114,0.036576
"1282","12952772",114,15,327,99,0.0347472
"1283","12952772",96,10,336,81,0.0292608
"1284","12952772",96,15,192,99,0.0292608
"1285","12952772",99,15,1446,126,0.0301752
"1286","12952772",126,10,237,117,0.0384048
"1287","12952772",117,10,1158,171,0.0356616
"1288","12952772",171,15,264,129,0.0521208
"1289","12952772",129,10,1599,159,0.0393192
"1290","12952772",168,10,948,117,0.0512064
"1292","12952772",132,15,1146,153,0.0402336
"1293","12952772",153,10,246,144,0.0466344
"1294","12952772",144,15,1503,111,0.0438912
"1295","12952772",114,10,222,114,0.0347472
"1296","12952772",114,10,144,96,0.0347472
"1297","12952772",96,15,723,129,0.0292608
"1298","12952772",129,10,291,153,0.0393192
"1299","12952772",153,10,336,114,0.0466344
"1300","12952772",114,5,336,156,0.0347472
"1301","12952772",156,10,981,135,0.0475488
"1302","12952772",135,10,759,108,0.041148
"1303","12952772",108,10,996,141,0.0329184
"1304","12952772",141,5,354,147,0.0429768
"1306","12952772",129,10,1422,162,0.0393192
"1307","12952772",162,5,612,69,0.0493776
"1308","12952772",69,5,678,144,0.0210312
"1309","12952772",144,15,774,141,0.0438912
"1310","12952772",141,15,174,141,0.0429768
"1311","12952772",141,10,3162,168,0.0429768
"1278","12952770",114,10,345,117,0.0347472
"1279","12952770",117,10,522,105,0.0356616
"1280.1","12952770",105,10,216,120,0.032004
"1281.1","12952770",120,10,1836,114,0.036576
"1270","12952834",99,10,390,90,0.0301752
"1271","12952834",90,10,1398,99,0.027432
"1272","12952834",99,10,267,111,0.0301752
"1273","12952834",111,10,5619,96,0.0338328
"1274","12952834",105,10,279,105,0.032004
"1275","12952834",105,10,1056,120,0.032004
"1276","12952834",90,10,291,99,0.027432
"1277","12952834",99,15,10206,114,0.0301752
"1251","12952836",90,10,294,75,0.027432
"1252","12952836",75,10,333,138,0.02286
"1253","12952836",138,5,363,90,0.0420624
"1254","12952836",90,10,312,111,0.027432
"1255","12952836",111,10,471,87,0.0338328
"1256","12952836",81,10,1308,81,0.0246888
"1257","12952836",81,5,663,123,0.0246888
"1258","12952836",123,10,186,105,0.0374904
"1259","12952836",111,10,2457,132,0.0338328
"1260","12952836",123,5,828,126,0.0374904
"1262","12952836",138,5,411,174,0.0420624
"1264","12952836",105,10,453,75,0.032004
"1265","12952836",75,10,753,129,0.02286
"1266","12952836",129,5,360,75,0.0393192
"1267","12952836",75,10,495,96,0.02286
"1268","12952836",96,5,216,123,0.0292608
"1269","12952836",123,5,294,99,0.0374904
"1270.1","12952836",99,10,390,90,0.0301752
"1247","12952774",138,0,180,108,0.0420624
"1248","12952774",108,10,1023,75,0.0329184
"1249","12952774",75,10,453,81,0.02286
"1250","12952774",81,10,1608,90,0.0246888
"1243","12952778",81,10,366,84,0.0246888
"1244","12952778",84,10,240,60,0.0256032
"1245","12952778",60,15,459,105,0.018288
"1191","12952812",84,10,453,108,0.0256032
"1193","12952812",87,20,192,75,0.0265176
"1194","12952812",75,20,144,69,0.02286
"1195","12952812",69,25,153,90,0.0210312
"1196","12952812",90,5,276,63,0.027432
"1197","12952812",84,15,219,81,0.0256032
"1198","12952812",90,5,252,87,0.027432
"1199","12952812",87,15,609,96,0.0265176
"1200","12952812",96,5,288,87,0.0292608
"1201","12952812",87,10,408,84,0.0265176
"1202","12952812",84,5,144,114,0.0256032
"1203","12952812",87,10,231,99,0.0265176
"1204","12952812",99,5,1686,111,0.0301752
"1205","12952812",111,10,438,96,0.0338328
"1206","12952812",96,5,243,96,0.0292608
"1207","12952812",96,5,186,102,0.0292608
"1208","12952812",102,5,219,102,0.0310896
"1209","12952812",102,0,363,87,0.0310896
"1210","12952812",87,10,420,132,0.0265176
"1211","12952812",132,10,405,120,0.0402336
"1212","12952812",120,5,219,108,0.036576
"1213","12952812",108,15,201,69,0.0329184
"1214","12952812",108,10,372,99,0.0329184
"1215","12952812",99,0,900,90,0.0301752
"1216","12952812",90,10,261,87,0.027432
"1217","12952812",99,5,1062,135,0.0301752
"1218","12952812",135,10,429,66,0.041148
"1219","12952812",72,10,213,81,0.0219456
"1220","12952812",81,10,249,111,0.0246888
"1221","12952812",105,15,252,63,0.032004
"1222","12952812",81,5,315,75,0.0246888
"1224","12952812",78,15,906,147,0.0237744
"1225","12952812",147,10,576,84,0.0448056
"1226","12952812",84,5,219,87,0.0256032
"1227","12952812",87,5,2379,90,0.0265176
"1228","12952812",90,10,306,60,0.027432
"1229","12952812",60,5,258,108,0.018288
"1230","12952812",108,15,396,81,0.0329184
"1231","12952812",81,10,138,72,0.0246888
"1232","12952812",78,0,540,96,0.0237744
"1233","12952812",108,15,312,123,0.0329184
"1234","12952812",123,10,357,96,0.0374904
"1235","12952812",72,10,417,90,0.0219456
"1236","12952812",90,10,387,102,0.027432
"1237","12952812",102,15,396,111,0.0310896
"1238","12952812",111,10,186,93,0.0338328
"1239","12952812",93,10,252,90,0.0283464
"1240","12952812",90,15,144,81,0.027432
"1241","12952812",81,10,984,84,0.0246888
"1242","12952812",84,5,330,81,0.0256032
"1243.1","12952812",81,10,366,84,0.0246888
"1280.2","12952760",105,10,216,120,0.032004
"1281.2","12952760",120,10,1836,114,0.036576
"1243.2","12952880",81,10,366,84,0.0246888
"1270.2","12952886",99,10,390,90,0.0301752
"1246","12952776",105,10,921,138,0.032004
"679","12952678",33.3,5,518.1,42.6,0.01014984
"680","12952678",42.6,5,945.9,37.8,0.01298448
"681","12952678",37.8,5,138,39.3,0.01152144
"779","12952678",42.3,5,325.2,32.1,0.01289304
"780","12952678",32.1,10,141.3,29.1,0.00978408
"781","12952678",29.1,10,350.7,36,0.00886968
"782","12952678",36,10,459.9,24,0.0109728
"783","12952678",24,5,48.6,44.7,0.0073152
"784","12952678",44.7,10,60.9,29.1,0.01362456
"785","12952678",29.1,10,48.3,31.2,0.00886968
"786","12952678",31.2,20,72.6,33.9,0.00950976
"787","12952678",33.9,20,53.4,46.5,0.01033272
"788","12952678",46.5,15,42.6,32.7,0.0141732
"789","12952678",32.7,20,241.8,30.3,0.00996696
"790","12952678",30.3,20,216,44.1,0.00923544
"791","12952678",44.1,20,152.1,24.9,0.01344168
"792","12952678",24.9,10,107.4,31.8,0.00758952
"793","12952678",40.5,5,45.6,31.2,0.0123444
"794","12952678",31.2,15,142.2,41.1,0.00950976
"795","12952678",41.1,5,322.5,27.9,0.01252728
"797","12952678",36.9,20,318.6,49.5,0.01124712
"798","12952678",49.5,15,1029,40.8,0.0150876
"799","12952678",40.8,15,245.1,42.3,0.01243584
"801","12952678",38.7,25,732,38.7,0.01179576
"679.1","12952650",33.3,5,518.1,42.6,0.01014984
"739","12952650",18.9,0,36.6,24,0.00576072
"740","12952650",24,5,1133.1,23.7,0.0073152
"744","12952650",29.7,10,177.6,18.3,0.00905256
"745","12952650",18.3,5,187.5,12,0.00557784
"746","12952650",12,20,32.7,18,0.0036576
"747","12952650",18,20,681.3,35.4,0.0054864
"748","12952650",35.4,5,172.8,18.3,0.01078992
"749","12952650",18.3,5,96,23.1,0.00557784
"750","12952650",23.1,5,215.1,25.5,0.00704088
"751","12952650",25.5,25,459.3,23.7,0.0077724
"752","12952650",23.7,5,137.7,14.7,0.00722376
"753","12952650",14.7,5,28.8,23.7,0.00448056
"754","12952650",23.7,15,392.1,17.1,0.00722376
"755","12952650",17.1,15,240.9,13.5,0.00521208
"756","12952650",13.5,5,341.4,21.6,0.0041148
"757","12952650",21.6,15,30.3,32.7,0.00658368
"758","12952650",32.7,25,722.7,27.6,0.00996696
"759","12952650",27.6,5,167.4,17.7,0.00841248
"760","12952650",17.7,25,457.2,24,0.00539496
"761","12952650",24,10,708.6,16.8,0.0073152
"762","12952650",16.8,5,393.6,31.8,0.00512064
"763","12952650",31.8,10,302.4,34.2,0.00969264
"764","12952650",34.2,5,209.7,21.3,0.01042416
"765","12952650",21.3,30,97.5,31.2,0.00649224
"766","12952650",31.2,5,243.9,35.7,0.00950976
"768","12952650",33.6,10,340.5,31.5,0.01024128
"769","12952650",31.5,10,178.5,27.6,0.0096012
"770","12952650",27.6,10,320.7,39.9,0.00841248
"771","12952650",39.9,15,1013.7,22.5,0.01216152
"772","12952650",22.5,5,534,25.5,0.006858
"773","12952650",25.5,5,68.4,24.9,0.0077724
"774","12952650",24.9,10,1307.4,21.9,0.00758952
"775","12952650",21.9,10,858.9,29.4,0.00667512
"776","12952650",29.4,0,195.6,20.1,0.00896112
"777","12952650",20.1,5,620.4,33,0.00612648
"778","12952650",33,5,1390.2,53.4,0.0100584
"1768","12953276",60,5,3138,51,0.018288
"1769","12953276",51,5,516,42,0.0155448
"1771","12953276",39,5,3459,42,0.0118872
"1772","12953276",42,5,3570,72,0.0128016
"1774","12953276",51,5,717,51,0.0155448
"1775","12953276",51,10,6774,63,0.0155448
"1741","12953268",109.5,10,703.5,138,0.0333756
"1742","12953268",138,10,3531,72,0.0420624
"1743","12953268",72,10,2382,82.5,0.0219456
"1744","12953268",82.5,10,981,82.5,0.025146
"1745","12953268",82.5,0,273,64.5,0.025146
"1746","12953268",64.5,10,1458,91.5,0.0196596
"1747","12953268",91.5,5,295.5,72,0.0278892
"1748","12953268",72,10,856.5,72,0.0219456
"1749","12953268",72,5,231,37.5,0.0219456
"1750","12953268",37.5,5,330,46.5,0.01143
"1751","12953268",46.5,10,3048,111,0.0141732
"1752","12953268",30,10,3531,109.5,0.009144
"1753","12953268",48,5,2904,111,0.0146304
"1756","12953268",81,5,3561,126,0.0246888
"1757","12953268",126,5,1050,114,0.0384048
"1758","12953268",114,5,2772,54,0.0347472
"1760","12953268",48,5,828,69,0.0146304
"1761","12953268",69,5,2880,108,0.0210312
"1762","12953268",108,5,2799,54,0.0329184
"1763","12953268",54,5,204,39,0.0164592
"1764","12953268",39,5,3039,72,0.0118872
"1765","12953268",54,5,1143,117,0.0164592
"1766","12953268",117,5,435,96,0.0356616
"1767","12953268",126,5,1695,60,0.0384048
"1727","12953230",78,5,378,138,0.0237744
"1728","12953230",138,5,141,36,0.0420624
"1729","12953230",36,5,1518,84,0.0109728
"1730","12953230",78,5,384,87,0.0237744
"1731","12953230",87,5,141,54,0.0265176
"1732","12953230",51,5,978,69,0.0155448
"1733","12953230",78,5,108,78,0.0237744
"1734","12953230",78,5,2394,66,0.0237744
"1735","12953230",66,5,153,63,0.0201168
"1736","12953230",63,5,2736,33,0.0192024
"1737","12953230",33,5,2823,84,0.0100584
"1738","12953230",87,5,3246,81,0.0265176
"1739","12953230",81,5,2727,45,0.0246888
"1740","12953230",45,10,2865,36,0.013716
"1716","12953218",18,0,129,15,0.0054864
"1717","12953218",15,5,1419,51,0.004572
"1718","12953218",51,5,33,45,0.0155448
"1719","12953218",21,5,34.5,10.5,0.0064008
"1720","12953218",22.5,5,241.5,12,0.006858
"1721","12953218",13.5,5,405,21,0.0041148
"1722","12953218",21,5,189,25.5,0.0064008
"1723","12953218",22.5,5,384,15,0.006858
"1724","12953218",15,5,69,16.5,0.004572
"1725","12953218",16.5,10,1740,51,0.0050292
"682","12953270",7.5,35,1209.6,15.3,0.002286
"683","12953270",15.3,25,84.6,9,0.00466344
"684","12953270",9,15,653.1,9,0.0027432
"685","12953270",9,15,66.9,12,0.0027432
"686","12953270",12,20,254.1,14.1,0.0036576
"687","12953270",14.1,5,48.3,13.5,0.00429768
"688","12953270",13.5,15,719.7,14.1,0.0041148
"689","12953270",14.1,10,279.6,22.5,0.00429768
"691","12953270",27.3,30,1122,26.4,0.00832104
"692","12953270",26.4,20,1710.6,78.6,0.00804672
"693","12953270",39.3,10,184.5,39.9,0.01197864
"694","12953270",39.9,25,85.5,18,0.01216152
"695","12953270",18,5,180.6,24.6,0.0054864
"698","12953270",24.6,25,62.1,17.7,0.00749808
"699","12953270",17.7,15,360.3,18,0.00539496
"700","12953270",18,10,56.1,20.1,0.0054864
"701","12953270",20.1,20,161.1,18.3,0.00612648
"703","12953270",18,15,21.3,15.3,0.0054864
"704","12953270",15.3,15,308.7,15.6,0.00466344
"705","12953270",15.6,10,295.2,21.3,0.00475488
"706","12953270",21.3,5,189,20.1,0.00649224
"707","12953270",20.1,5,318.9,14.7,0.00612648
"708","12953270",14.7,10,318,28.2,0.00448056
"709","12953270",28.2,15,329.1,14.1,0.00859536
"711","12953270",14.1,5,193.8,22.5,0.00429768
"712","12953270",22.5,5,54,10.5,0.006858
"713","12953270",10.5,10,97.8,16.8,0.0032004
"714","12953270",16.8,5,105.6,15.6,0.00512064
"715","12953270",15.6,15,655.2,25.8,0.00475488
"716","12953270",25.8,10,34.2,19.8,0.00786384
"717","12953270",19.8,10,604.2,15,0.00603504
"718","12953270",15,10,1231.2,19.5,0.004572
"719","12953270",19.5,5,310.5,35.4,0.0059436
"720","12953270",35.4,10,1038.3,24,0.01078992
"721","12953270",24,10,44.4,15.3,0.0073152
"722","12953270",15.3,15,353.4,35.1,0.00466344
"723","12953270",35.1,15,348.9,17.4,0.01069848
"724","12953270",17.4,10,564.6,24,0.00530352
"725","12953270",24,5,102.3,17.7,0.0073152
"726","12953270",17.7,10,343.8,15,0.00539496
"727","12953270",15,5,414.6,20.7,0.004572
"728","12953270",20.7,5,350.7,14.1,0.00630936
"729","12953270",14.1,10,390.6,18.9,0.00429768
"730","12953270",18.9,10,248.1,21.3,0.00576072
"732","12953270",19.2,0,111.6,27.3,0.00585216
"733","12953270",27.3,15,1427.7,15.3,0.00832104
"736","12953270",17.4,5,168.9,16.2,0.00530352
"737","12953270",16.2,5,84,22.2,0.00493776
"738","12953270",22.2,15,1323,18.9,0.00676656
"1030","12952804",27,15,179.7,26.4,0.0082296
"1031","12952804",26.4,10,190.2,43.5,0.00804672
"1032","12952804",43.5,10,144,26.7,0.0132588
"1033","12952804",26.7,10,268.8,45.6,0.00813816
"1034","12952804",45.6,10,312.3,31.8,0.01389888
"1035","12952804",31.8,15,209.1,37.8,0.00969264
"1036","12952804",37.8,10,81.6,38.4,0.01152144
"1037","12952804",38.4,10,146.1,31.8,0.01170432
"1038","12952804",31.8,5,35.7,22.8,0.00969264
"1039","12952804",22.8,10,139.5,32.1,0.00694944
"1040","12952804",32.1,10,99,48.6,0.00978408
"1041","12952804",48.6,15,27,25.5,0.01481328
"1042","12952804",25.5,20,180.3,38.1,0.0077724
"1043","12952804",38.1,15,225.3,31.8,0.01161288
"1044","12952804",31.8,15,399.9,40.5,0.00969264
"1045","12952804",40.5,15,339,40.8,0.0123444
"1046","12952804",40.8,5,100.8,44.7,0.01243584
"1047","12952804",44.7,10,229.8,33.6,0.01362456
"1048","12952804",33.6,10,168,36.6,0.01024128
"1049","12952804",36.6,10,98.4,30.9,0.01115568
"1050","12952804",30.9,10,233.7,35.4,0.00941832
"1051","12952804",35.4,30,81.9,36.9,0.01078992
"1052","12952804",36.9,10,50.7,32.1,0.01124712
"1053","12952804",32.1,10,127.2,30.3,0.00978408
"1054","12952804",30.3,25,788.1,36,0.00923544
"1055","12952804",36,15,74.1,39,0.0109728
"1056","12952804",39,15,516.9,36.3,0.0118872
"931","12952908",38.4,30,633.6,49.2,0.01170432
"933","12952908",47.4,10,73.8,47.1,0.01444752
"934","12952908",47.1,30,688.2,31.2,0.01435608
"935","12952908",31.2,35,1209.9,36.6,0.00950976
"936","12952908",36.6,45,897.6,47.1,0.01115568
"937","12952908",47.1,25,406.5,25.2,0.01435608
"1001","12952908",28.8,0,57.3,39.3,0.00877824
"1002","12952908",39.3,30,782.4,38.7,0.01197864
"1003","12952908",38.7,35,329.4,30.6,0.01179576
"1004","12952908",30.6,50,43.8,45,0.00932688
"1005","12952908",45,60,464.1,41.1,0.013716
"1006","12952908",41.1,35,1551,42,0.01252728
"1007","12952908",42,40,786.6,36.3,0.0128016
"1008","12952908",36.3,30,1118.7,45.3,0.01106424
"1009","12952908",45.3,20,894.9,38.7,0.01380744
"1010","12952908",38.7,25,31.2,38.4,0.01179576
"1011","12952908",38.4,20,872.4,40.2,0.01170432
"1012","12952908",40.2,10,170.1,38.4,0.01225296
"1013","12952908",38.4,25,954.9,51.9,0.01170432
"1014","12952908",51.9,10,91.8,32.1,0.01581912
"1015","12952908",32.1,20,875.7,45,0.00978408
"1016","12952908",45.6,5,60.9,47.4,0.01389888
"1017","12952908",47.4,5,519,37.8,0.01444752
"1018","12952908",37.8,5,125.4,39.3,0.01152144
"1019","12952908",39.3,10,547.8,34.5,0.01197864
"1020","12952908",34.5,10,89.7,37.5,0.0105156
"1021","12952908",37.5,15,276,33.3,0.01143
"1022","12952908",33.3,5,81.9,39.3,0.01014984
"1023","12952908",39.3,10,924,43.2,0.01197864
"1024","12952908",43.2,10,782.7,39.9,0.01316736
"1025","12952908",39.9,5,391.2,33.9,0.01216152
"1026","12952908",33.9,5,51.6,27.3,0.01033272
"1027","12952908",27.3,10,146.7,34.2,0.00832104
"1028","12952908",34.2,30,44.1,28.5,0.01042416
"1029","12952908",28.5,10,628.8,27,0.0086868
"1030.1","12952908",27,15,179.7,26.4,0.0082296
"1031.1","12952908",26.4,10,190.2,43.5,0.00804672
"931.1","12952946",38.4,30,633.6,49.2,0.01170432
"983","12952946",27.9,10,85.5,65.1,0.00850392
"984","12952946",65.1,25,298.2,29.4,0.01984248
"985","12952946",29.7,0,151.8,36.6,0.00905256
"986","12952946",36.6,0,42.9,25.8,0.01115568
"987","12952946",25.8,15,911.1,25.8,0.00786384
"988","12952946",8.6,20,709.8,49.8,0.00262128
"989","12952946",49.8,80,38.7,51,0.01517904
"990","12952946",51,25,205.8,44.1,0.0155448
"991","12952946",44.1,30,39,31.2,0.01344168
"992","12952946",31.2,30,822,35.4,0.00950976
"993","12952946",35.4,25,949.5,25.8,0.01078992
"994","12952946",25.8,10,21.3,26.4,0.00786384
"995","12952946",26.4,45,90,45.9,0.00804672
"996","12952946",45.9,25,928.8,34.8,0.01399032
"997","12952946",34.8,30,488.7,36,0.01060704
"998","12952946",36,25,77.7,31.5,0.0109728
"999","12952946",31.5,20,105,28.5,0.0096012
"1000","12952946",28.5,15,562.5,34.2,0.0086868
"974","12953514",28.5,25,355.5,29.1,0.0086868
"975","12953514",29.1,30,153.9,38.7,0.00886968
"976","12953514",38.7,15,514.8,29.7,0.01179576
"980","12953514",29.7,15,129.3,41.4,0.00905256
"981","12953514",41.4,15,606,32.7,0.01261872
"982","12953514",32.7,20,372.9,27.9,0.00996696
"1030.2","12953320",27,15,179.7,26.4,0.0082296
"1031.2","12953320",26.4,10,190.2,43.5,0.00804672
"860","12953622",15,25,106.5,22.5,0.004572
"861","12953622",22.5,10,236.1,30.6,0.006858
"862","12953622",30.6,5,66.3,22.8,0.00932688
"863","12953622",22.8,5,85.2,25.2,0.00694944
"864","12953622",25.2,5,133.5,13.5,0.00768096
"865","12953622",13.5,5,159,16.2,0.0041148
"866","12953622",16.2,10,631.5,17.1,0.00493776
"867","12953622",17.1,10,372.9,19.8,0.00521208
"868","12953622",19.8,10,63.3,24.6,0.00603504
"869","12953622",24.6,10,198.6,16.8,0.00749808
"870","12953622",16.8,15,619.2,27,0.00512064
"871","12953622",27,10,273.9,15.9,0.0082296
"872","12953622",15.9,15,191.7,34.8,0.00484632
"873","12953622",34.8,10,333.9,32.1,0.01060704
"874","12953622",32.1,5,81.3,25.2,0.00978408
"875","12953622",25.2,10,355.8,20.7,0.00768096
"877","12953622",21,10,126.9,22.5,0.0064008
"878","12953622",22.5,15,555.6,22.8,0.006858
"879","12953622",22.8,15,61.5,20.7,0.00694944
"880","12953622",20.7,10,84,25.8,0.00630936
"881","12953622",25.8,10,310.8,22.5,0.00786384
"882","12953622",22.5,5,170.7,19.8,0.006858
"883","12953622",19.8,5,195.9,22.5,0.00603504
"885","12953622",30.3,0,152.1,17.7,0.00923544
"886","12953622",17.7,0,76.2,27.9,0.00539496
"887","12953622",27.9,10,151.5,24.3,0.00850392
"888","12953622",24.3,5,459.6,19.5,0.00740664
"889","12953622",19.5,5,215.7,31.8,0.0059436
"890","12953622",31.8,5,270.9,18.3,0.00969264
"891","12953622",18.3,10,239.1,19.5,0.00557784
"892","12953622",19.5,5,167.1,24,0.0059436
"893","12953622",24,5,534.3,34.2,0.0073152
"894","12953622",34.2,10,729.3,33,0.01042416
"895","12953622",33,5,187.2,26.4,0.0100584
"896","12953622",26.4,5,398.7,12,0.00804672
"897","12953622",12,0,70.5,14.7,0.0036576
"898","12953622",14.7,5,61.5,21.9,0.00448056
"899","12953622",21.9,0,20.4,18,0.00667512
"900","12953622",18,0,37.5,24,0.0054864
"901","12953622",24,0,149.7,21.9,0.0073152
"902","12953622",21.9,5,156.3,21.6,0.00667512
"903","12953622",21.6,5,152.7,21,0.00658368
"904","12953622",21,15,322.2,21.6,0.0064008
"905","12953622",21.6,5,356.1,18.3,0.00658368
"906","12953622",18.3,0,74.4,85.5,0.00557784
"907","12953622",85.5,5,250.2,22.5,0.0260604
"908","12953622",22.5,10,234.6,21,0.006858
"909","12953622",21,5,294.3,22.8,0.0064008
"910","12953622",22.8,5,157.2,21.9,0.00694944
"911","12953622",21.9,0,96.3,16.2,0.00667512
"912","12953622",16.2,0,68.7,17.1,0.00493776
"913","12953622",17.1,5,261.6,20.1,0.00521208
"915","12953622",21,5,57,21,0.0064008
"916","12953622",21,35,27.3,21.6,0.0064008
"917","12953622",21.6,10,132.6,20.4,0.00658368
"918","12953622",20.4,5,192.6,29.4,0.00621792
"919","12953622",29.4,5,9,29.4,0.00896112
"921","12953622",38.7,20,866.4,41.1,0.01179576
"922","12953622",41.1,15,1308,28.5,0.01252728
"923","12953622",31.8,10,87.9,23.7,0.00969264
"924","12953622",23.7,40,132,38.1,0.00722376
"925","12953622",38.1,35,609,27.6,0.01161288
"926","12953622",27.6,5,87.3,31.5,0.00841248
"927","12953622",31.5,20,547.2,42.9,0.0096012
"928","12953622",42.9,40,87,22.2,0.01307592
"929","12953622",22.2,35,702.3,30.6,0.00676656
"930","12953622",30.6,25,248.4,38.4,0.00932688
"931.2","12953622",38.4,30,633.6,49.2,0.01170432
"942","12953338",17.1,45,885,26.4,0.00521208
"943","12953338",26.4,25,359.4,43.8,0.00804672
"944","12953338",43.8,15,87.3,20.4,0.01335024
"945","12953338",20.4,35,306,37.2,0.00621792
"946","12953338",37.2,20,107.1,22.2,0.01133856
"947","12953338",22.2,45,159.9,46.5,0.00676656
"948","12953338",46.5,20,77.1,43.5,0.0141732
"949","12953338",43.5,45,853.8,22.2,0.0132588
"950","12953338",22.2,60,917.4,30.9,0.00676656
"951","12953338",30.9,55,937.2,28.8,0.00941832
"952","12953338",28.8,50,919.2,31.2,0.00877824
"953","12953338",31.2,45,791.4,25.2,0.00950976
"954","12953338",25.2,15,32.4,22.2,0.00768096
"955","12953338",22.2,60,919.8,32.7,0.00676656
"956","12953338",32.7,55,998.4,41.1,0.00996696
"957","12953338",41.1,40,138.6,29.1,0.01252728
"958","12953338",29.1,25,125.7,27.6,0.00886968
"960","12953338",38.4,65,302.7,36.6,0.01170432
"961","12953338",36.6,15,668.1,33.6,0.01115568
"962","12953338",33.6,50,929.1,39.9,0.01024128
"963","12953338",39.9,50,963.3,75.9,0.01216152
"964","12953338",75.9,20,983.1,20.4,0.02313432
"965","12953338",20.4,20,1065,39.6,0.00621792
"966","12953338",39.6,45,986.4,39,0.01207008
"967","12953338",39,35,376.8,43.5,0.0118872
"968","12953338",43.5,45,350.7,45,0.0132588
"969","12953338",45,25,83.4,36.6,0.013716
"971","12953338",36.3,20,156.6,47.7,0.01106424
"972","12953338",47.7,35,340.8,33.6,0.01453896
"973","12953338",33.6,15,1142.7,28.5,0.01024128
"938","12953342",11.8,35,80.7,18.6,0.00359664
"939","12953342",18.6,60,963,17.4,0.00566928
"940","12953342",17.4,50,905.7,27.6,0.00530352
"941","12953342",27.6,45,771,17.1,0.00841248
"942.1","12953342",17.1,45,885,26.4,0.00521208
"942.2","12953020",17.1,45,885,26.4,0.00521208
"857","12953334",12,35,139.8,27.6,0.0036576
"858","12953334",27.6,85,653.1,36.6,0.00841248
"859","12953334",22.2,70,952.5,63.3,0.00676656
"842","12952970",31.8,25,484.5,16.2,0.00969264
"844","12952970",14.4,0,40.8,24.6,0.00438912
"845","12952970",24.6,0,28.2,36.9,0.00749808
"846","12952970",36.9,10,65.7,21.3,0.01124712
"847","12952970",21.3,5,25.5,14.4,0.00649224
"848","12952970",14.4,10,291,15.9,0.00438912
"849","12952970",15.9,10,75.3,29.1,0.00484632
"850","12952970",29.1,10,571.2,17.4,0.00886968
"851","12952970",17.4,10,252,16.2,0.00530352
"852","12952970",16.2,10,134.7,15,0.00493776
"853","12952970",15,15,249.6,19.5,0.004572
"854","12952970",19.5,10,270,19.2,0.0059436
"855","12952970",19.2,10,75,15.9,0.00585216
"856","12952970",15.9,40,437.1,12,0.00484632
"857.1","12952970",12,35,139.8,27.6,0.0036576
"814","12953344",13.5,20,23.4,16.2,0.0041148
"815","12953344",16.2,35,825.6,19.5,0.00493776
"816","12953344",19.5,25,99.6,26.1,0.0059436
"817","12953344",26.1,15,16.2,25.8,0.00795528
"818","12953344",25.8,25,1083,39.6,0.00786384
"819","12953344",39.6,35,511.8,42.6,0.01207008
"820","12953344",42.6,60,109.8,25.8,0.01298448
"821","12953344",25.8,25,168.3,26.7,0.00786384
"822","12953344",26.7,70,1081.5,18.3,0.00813816
"823","12953344",18.3,75,456.3,21.9,0.00557784
"824","12953344",21.9,60,75.3,15.9,0.00667512
"825","12953344",15.9,40,1001.7,18.6,0.00484632
"827","12953344",19.5,55,394.2,16.2,0.0059436
"828","12953344",16.2,15,116.4,31.2,0.00493776
"829","12953344",31.2,15,130.5,20.7,0.00950976
"830","12953344",20.7,20,146.7,21.9,0.00630936
"831","12953344",21.9,60,972.3,45.9,0.00667512
"832","12953344",45.9,30,249.6,28.8,0.01399032
"833","12953344",28.8,15,151.2,22.2,0.00877824
"834","12953344",22.2,5,87,43.2,0.00676656
"835","12953344",43.2,25,82.2,26.4,0.01316736
"836","12953344",26.4,15,382.2,27.6,0.00804672
"837","12953344",27.6,15,357.3,45.6,0.00841248
"838","12953344",45.6,15,1058.1,28.2,0.01389888
"839","12953344",28.8,0,18.6,31.5,0.00877824
"840","12953344",31.5,10,93.6,27.3,0.0096012
"841","12953344",27.3,15,80.4,31.8,0.00832104
"802","12953350",21.6,20,1065.6,27,0.00658368
"803","12953350",27,15,705.6,53.4,0.0082296
"804","12953350",53.4,25,862.8,25.2,0.01627632
"805","12953350",25.2,15,33,18.3,0.00768096
"806","12953350",18.3,20,665.1,63.6,0.00557784
"807","12953350",63.6,15,859.8,36.3,0.01938528
"808","12953350",36.3,25,568.5,21.9,0.01106424
"809","12953350",21.9,20,1005.6,24.3,0.00667512
"810","12953350",24.3,25,859.2,21.9,0.00740664
"811","12953350",21.9,20,59.1,22.5,0.00667512
"812","12953350",22.5,20,924.6,18.3,0.006858
"857.2","12953336",12,35,139.8,27.6,0.0036576
"1336","12952758",153,5,183,147,0.0466344
"1338","12952758",120,5,234,117,0.036576
"1339","12952758",117,5,252,120,0.0356616
"1340","12952758",120,5,594,135,0.036576
"1341","12952758",135,5,342,78,0.041148
"1342","12952758",78,10,2808,126,0.0237744
"1343","12952758",126,15,381,93,0.0384048
"1344","12952758",96,5,495,156,0.0292608
"1345","12952758",156,10,513,90,0.0475488
"1346","12952758",90,15,2223,114,0.027432
"1327","12952748",144,5,294,168,0.0438912
"1328","12952748",168,15,834,132,0.0512064
"1329","12952748",132,5,222,135,0.0402336
"1330","12952748",135,10,264,138,0.041148
"1331","12952748",138,5,183,156,0.0420624
"1332","12952748",156,5,768,129,0.0475488
"1333","12952748",129,15,2529,108,0.0393192
"1334","12952748",108,5,462,147,0.0329184
"1312","12953304",168,5,315,174,0.0512064
"1313","12953304",174,10,1161,192,0.0530352
"1314","12953304",192,5,348,192,0.0585216
"1315","12953304",192,10,987,126,0.0585216
"1316","12953304",126,10,246,108,0.0384048
"1317","12953304",108,5,363,204,0.0329184
"1318","12953304",204,10,1704,153,0.0621792
"1319","12953304",153,5,414,141,0.0466344
"1321","12953304",108,5,222,105,0.0329184
"1322","12953304",105,5,399,114,0.032004
"1323","12953304",114,15,447,105,0.0347472
"1325","12953304",117,5,201,156,0.0356616
"1326","12953304",114,10,267,144,0.0347472
"1327.1","12953304",144,5,294,168,0.0438912
"1327.2","12952742",144,5,294,168,0.0438912
"1348","12953484",69,15,2433,81,0.0210312
"1.2","12953302",55.8,35,81.9,46.2,0.01700784
"2","12953302",46.2,35,172.2,45,0.01408176
"3","12953302",45,40,86.1,45,0.013716
"4","12953302",45,45,99,47.4,0.013716
"5","12953302",47.4,40,66,53.7,0.01444752
"6","12953302",53.7,25,150.9,51.6,0.01636776
"7","12953302",51.6,40,97.5,55.2,0.01572768
"8","12953302",55.2,15,120.6,51.6,0.01682496
"9","12953302",51.6,15,123.6,47.4,0.01572768
"11","12953302",53.1,25,69,54.6,0.01618488
"12","12953302",54.6,35,39.9,54.6,0.01664208
"13","12953302",54.6,45,44.1,48,0.01664208
"14","12953302",48,25,111.3,47.1,0.0146304
"15","12953302",47.1,25,36.3,50.1,0.01435608
"16","12953302",50.1,55,64.8,53.1,0.01527048
"17","12953302",53.1,40,45,42,0.01618488
"18","12953302",42,65,51.9,44.4,0.0128016
"19","12953302",44.4,60,120.3,49.8,0.01353312
"20","12953302",49.8,30,39.6,46.2,0.01517904
"21","12953302",46.2,30,132.3,55.5,0.01408176
"22","12953302",55.5,45,32.7,44.4,0.0169164
"23","12953302",44.4,30,79.5,53.1,0.01353312
"24","12953302",53.1,65,45,44.1,0.01618488
"25","12953302",44.1,40,84.9,43.2,0.01344168
"26","12953302",43.2,35,153.3,47.4,0.01316736
"27","12953302",47.4,45,46.5,43.2,0.01444752
"28","12953302",43.2,40,150.3,51.3,0.01316736
"29","12953302",51.3,40,50.4,52.2,0.01563624
"30","12953302",52.2,25,231.9,50.1,0.01591056
"31","12953302",50.1,15,180,41.4,0.01527048
"32","12953302",41.4,30,135.9,42.6,0.01261872
"33","12953302",42.6,25,122.4,46.2,0.01298448
"34","12953302",46.2,45,25.5,45,0.01408176
"35","12953302",45,25,77.4,46.8,0.013716
"36","12953302",46.8,20,153,45.6,0.01426464
"37","12953302",45.6,20,64.8,49.8,0.01389888
"38","12953302",49.8,10,129.6,45,0.01517904
"39","12953302",45,15,22.5,40.8,0.013716
"40","12953302",40.8,15,142.2,54.6,0.01243584
"41","12953302",54.6,20,40.5,59.4,0.01664208
"42","12953302",59.4,20,52.5,58.8,0.01810512
"43","12953302",58.8,15,258,37.2,0.01792224
"44","12953302",37.2,10,105,40.8,0.01133856
"45","12953302",40.8,15,74.7,42,0.01243584
"46","12953302",42,15,94.8,39.6,0.0128016
"47","12953302",39.6,50,31.8,47.1,0.01207008
"48","12953302",47.1,35,131.4,61.5,0.01435608
"49","12953302",61.5,5,318.9,45.6,0.0187452
"50","12953302",45.6,5,62.7,34.2,0.01389888
"51","12953302",34.2,15,55.8,39,0.01042416
"52","12953302",39,15,190.8,78,0.0118872
"53","12953302",78,15,166.5,30.6,0.0237744
"54","12953302",30.6,15,322.2,26.1,0.00932688
"55","12953302",26.1,45,81.3,57,0.00795528
"56","12953302",57,15,127.5,58.5,0.0173736
"57","12953302",58.5,20,147,48.3,0.0178308
"58","12953302",48.3,15,283.8,61.2,0.01472184
"59","12953302",61.2,20,15.9,50.4,0.01865376
"60","12953302",50.4,10,295.5,64.5,0.01536192
"61","12953302",64.5,15,98.4,60,0.0196596
"62","12953302",60,20,296.7,85.8,0.018288
"63","12953302",85.8,15,57,69,0.02615184
"64","12953302",69,0,99.6,81,0.0210312
"65","12953302",81,10,71.7,109.2,0.0246888
"66","12953302",109.2,25,209.7,93.9,0.03328416
"67","12953302",93.9,35,234.6,75.6,0.02862072
"68","12953302",75.6,25,234.3,78.9,0.02304288
"69","12953302",78.9,40,112.5,81.6,0.02404872
"70","12953302",81.6,15,223.8,32.7,0.02487168
"71","12953302",32.7,0,53.4,21.9,0.00996696
"72","12953302",2.9,25,102,46.2,0.00088392
"73","12953302",30,55,30,34.2,0.009144
"74","12953302",34.2,40,144.9,32.4,0.01042416
"75","12953302",32.4,40,144.3,43.8,0.00987552
"76","12953302",43.8,30,157.8,34.8,0.01335024
"77","12953302",34.8,30,120,39.3,0.01060704
"78","12953302",39.3,30,101.7,51.3,0.01197864
"79","12953302",51.3,30,305.1,52.5,0.01563624
"81","12953302",57,10,35.4,71.4,0.0173736
"82","12953302",71.4,30,235.8,76.5,0.02176272
"83","12953302",76.5,40,204.3,70.5,0.0233172
"84","12953302",70.5,30,188.7,68.7,0.0214884
"85","12953302",68.7,45,218.4,40.5,0.02093976
"86","12953302",40.5,15,181.3,46.5,0.0123444
"87","12953302",46.5,60,136.5,55.5,0.0141732
"88","12953302",55.5,40,308.7,57,0.0169164
"89","12953302",57,30,43.2,43.5,0.0173736
"90","12953302",43.5,25,195.9,30.6,0.0132588
"91","12953302",30.3,0,30.6,29.1,0.00923544
"92","12953302",29.1,5,45,32.1,0.00886968
"93","12953302",32.1,20,218.7,51.9,0.00978408
"95","12953302",39.3,30,123.6,39.3,0.01197864
"96","12953302",39.3,10,150.3,72.9,0.01197864
"97","12953302",72.9,30,37.5,46.8,0.02221992
"98","12953302",46.8,15,81,60,0.01426464
"99","12953302",60,30,45,33,0.018288
"100","12953302",33,50,26.1,42,0.0100584
"101","12953302",42,65,67.8,57.6,0.0128016
"102","12953302",57.6,40,225.3,47.1,0.01755648
"103","12953302",47.1,30,144.9,38.4,0.01435608
"104","12953302",38.4,15,178.5,69.6,0.01170432
"105","12953302",69.6,5,77.4,38.1,0.02121408
"106","12953302",38.1,10,64.2,31.2,0.01161288
"107","12953302",31.2,10,70.5,29.4,0.00950976
"108","12953302",29.4,15,72,28.8,0.00896112
"109","12953302",28.8,35,97.2,36,0.00877824
"110","12953302",36,10,70.2,30.9,0.0109728
"111","12953302",30.9,5,33,46.2,0.00941832
"112","12953302",46.2,25,67.2,36,0.01408176
"113","12953302",36,35,158.7,32.1,0.0109728
"114","12953302",32.1,30,92.1,30.6,0.00978408
"115","12953302",30.6,10,45.3,39.6,0.00932688
"116","12953302",39.6,20,68.1,34.2,0.01207008
"117","12953302",34.2,15,45,42.3,0.01042416
"118","12953302",42.3,35,117.9,51,0.01289304
"119","12953302",51,30,56.1,53.7,0.0155448
"120","12953302",53.7,15,129.9,57.6,0.01636776
"121","12953302",57.6,15,47.1,48.9,0.01755648
"122","12953302",48.9,25,92.1,29.4,0.01490472
"123","12953302",29.4,20,201.6,39.6,0.00896112
"124","12953302",39.6,10,137.4,25.8,0.01207008
"125","12953302",25.8,15,140.7,64.8,0.00786384
"126","12953302",64.8,10,165,49.8,0.01975104
"127","12953302",49.8,5,148.2,29.7,0.01517904
"128","12953302",22.4,10,53.1,30.9,0.00682752
"129","12953302",30.9,35,34.8,36.3,0.00941832
"130","12953302",36.3,40,26.4,44.7,0.01106424
"131","12953302",44.7,25,202.5,61.5,0.01362456
"132","12953302",61.5,30,185.4,55.8,0.0187452
"133","12953302",55.8,25,179.4,56.1,0.01700784
"134","12953302",56.1,15,214.5,43.5,0.01709928
"135","12953302",43.5,5,48.6,32.1,0.0132588
"136","12953302",32.1,40,15,30.9,0.00978408
"138","12953302",54.6,35,129.3,44.1,0.01664208
"139","12953302",44.1,25,72.3,40.2,0.01344168
"140","12953302",40.2,15,42.9,45,0.01225296
"141","12953302",45,10,383.1,30.3,0.013716
"142","12953302",30.3,20,127.5,57,0.00923544
"143","12953302",57,10,299.7,30.3,0.0173736
"144","12953302",30.3,5,226.8,22.5,0.00923544
"145","12953302",22.5,5,74.1,30.6,0.006858
"146","12953302",30.6,25,90.6,36.6,0.00932688
"147","12953302",36.6,15,300.3,42.3,0.01115568
"148","12953302",42.3,10,183.3,21.6,0.01289304
"149","12953302",21.6,10,268.8,28.5,0.00658368
"150","12953302",28.5,5,99.9,32.7,0.0086868
"151","12953302",30.3,10,54.3,27.6,0.00923544
"152","12953302",27.6,15,163.5,39.6,0.00841248
"153","12953302",39.6,30,32.1,36.9,0.01207008
"154","12953302",36.9,5,106.8,39.6,0.01124712
"155","12953302",39.6,15,23.7,37.2,0.01207008
"156","12953302",37.2,15,117.3,35.1,0.01133856
"157","12953302",35.1,10,115.5,26.4,0.01069848
"158","12953302",26.4,25,40.5,28.5,0.00804672
"159","12953302",28.5,15,77.4,26.4,0.0086868
"160","12953302",26.4,15,48.6,28.8,0.00804672
"161","12953302",28.8,15,120.6,33.3,0.00877824
"162","12953302",33.3,35,65.7,33,0.01014984
"164","12953302",36.9,25,82.5,32.1,0.01124712
"165","12953302",32.1,30,21.3,34.2,0.00978408
"166","12953302",34.2,10,145.5,48.3,0.01042416
"167","12953302",48.3,15,130.8,41.4,0.01472184
"168","12953302",41.4,45,76.2,54.3,0.01261872
"169","12953302",54.3,40,95.4,57,0.01655064
"170","12953302",57,10,126,39.6,0.0173736
"171","12953302",39.6,10,133.5,39.6,0.01207008
"172","12953302",39.6,50,33.6,45,0.01207008
"173","12953302",45,40,69.9,42.3,0.013716
"174","12953302",42.3,45,84.3,37.8,0.01289304
"175","12953302",37.8,25,45,59.1,0.01152144
"176","12953302",59.1,25,111.9,33.6,0.01801368
"177","12953302",33.6,45,22.2,32.7,0.01024128
"178","12953302",32.7,50,28.2,36.6,0.00996696
"179","12953302",36.6,10,166.8,42.6,0.01115568
"180","12953302",42.6,15,105,35.7,0.01298448
"181","12953302",35.7,25,18.6,36.3,0.01088136
"182","12953302",36.3,5,56.1,48.9,0.01106424
"183","12953302",48.9,25,13.5,53.1,0.01490472
"184","12953302",53.1,25,97.5,40.8,0.01618488
"185","12953302",40.8,50,46.8,29.1,0.01243584
"186","12953302",29.1,10,47.4,34.5,0.00886968
"187","12953302",34.5,20,21.9,36,0.0105156
"188","12953302",36,15,44.7,30.9,0.0109728
"189","12953302",30.9,5,71.1,36.3,0.00941832
"190","12953302",36.3,5,36.6,35.7,0.01106424
"191","12953302",35.7,20,185.7,42.3,0.01088136
"192","12953302",42.3,5,56.5,36.9,0.01289304
"193","12953302",36.9,5,40.8,21.6,0.01124712
"194","12953302",21.6,10,29.1,24.9,0.00658368
"195","12953302",24.9,15,20.7,23.1,0.00758952
"196","12953302",23.1,30,17.4,20.4,0.00704088
"197","12953302",20.4,15,180.6,34.5,0.00621792
"198","12953302",34.5,5,175.2,36.9,0.0105156
"199","12953302",36.9,10,148.5,38.7,0.01124712
"200","12953302",38.7,10,34.2,30.6,0.01179576
"201","12953302",30.6,5,22.2,31.8,0.00932688
"202","12953302",31.8,20,116.4,54,0.00969264
"203","12953302",54,30,93.6,41.1,0.0164592
"204","12953302",41.1,15,178.2,59.7,0.01252728
"205","12953302",59.7,15,71.7,38.1,0.01819656
"206","12953302",38.1,5,58.2,30,0.01161288
"207","12953302",30,15,18.6,27.6,0.009144
"208","12953302",27.6,5,88.5,39.6,0.00841248
"209","12953302",39.6,15,61.5,36.9,0.01207008
"210","12953302",36.9,10,147.3,43.2,0.01124712
"211","12953302",43.2,10,62.7,27.6,0.01316736
"212","12953302",27.6,15,125.4,21.3,0.00841248
"213","12953302",21.3,10,51,36.3,0.00649224
"214","12953302",36.3,30,29.4,30.6,0.01106424
"215","12953302",30.6,10,78.3,38.7,0.00932688
"216","12953302",38.7,5,109.5,33,0.01179576
"217","12953302",33,15,195.6,41.4,0.0100584
"218","12953302",41.4,5,114.6,35.1,0.01261872
"219","12953302",35.1,15,63.6,35.7,0.01069848
"220","12953302",35.7,5,67.2,31.2,0.01088136
"221","12953302",31.2,20,40.5,61.2,0.00950976
"222","12953302",61.2,15,61.2,60.3,0.01865376
"223","12953302",60.3,45,26.7,54.9,0.01837944
"224","12953302",54.9,10,50.7,32.1,0.01673352
"225","12953302",32.1,5,50.7,29.1,0.00978408
"226","12953302",29.1,15,48.3,33.6,0.00886968
"227","12953302",33.6,20,83.1,25.8,0.01024128
"228","12953302",25.8,10,90.9,33.3,0.00786384
"229","12953302",33.3,5,35.4,30.6,0.01014984
"230","12953302",30.6,5,99.9,29.7,0.00932688
"231","12953302",29.7,0,30.6,22.8,0.00905256
"232","12953302",22.8,25,25.2,31.2,0.00694944
"233","12953302",31.2,15,40.2,26.7,0.00950976
"234","12953302",26.7,10,56.4,31.2,0.00813816
"235","12953302",31.2,15,88.2,35.1,0.00950976
"236","12953302",35.1,15,40.2,76.2,0.01069848
"237","12953302",76.2,30,45,67.6,0.02322576
"238","12953302",67.6,15,103.8,29.4,0.02060448
"239","12953302",29.4,10,64.2,22.8,0.00896112
"240","12953302",22.8,5,47.4,30,0.00694944
"241","12953302",30,15,56.1,21.9,0.009144
"242","12953302",21.9,5,131.1,33,0.00667512
"243","12953302",33,45,42.3,33.3,0.0100584
"244","12953302",33.3,20,21.3,30.3,0.01014984
"245","12953302",30.3,65,32.4,20.4,0.00923544
"246","12953302",20.4,25,35.6,30.9,0.00621792
"247","12953302",30.9,10,147.6,25.8,0.00941832
"248","12953302",25.8,35,142.8,22.2,0.00786384
"249","12953302",22.2,55,28.5,41.4,0.00676656
"250","12953302",41.4,50,29.1,24.6,0.01261872
"251","12953302",24.6,25,30.9,25.2,0.00749808
"252","12953302",25.2,10,116.4,24.9,0.00768096
"253","12953302",24.9,10,132,51.3,0.00758952
"254","12953302",51.3,20,30.3,43.5,0.01563624
"255","12953302",43.5,70,144.6,87.3,0.0132588
"256","12953302",87.3,10,57,54,0.02660904
"257","12953302",54,40,20.7,36.9,0.0164592
"258","12953302",36.9,10,59.1,32.4,0.01124712
"259","12953302",32.4,15,171,45.3,0.00987552
"260","12953302",45.3,35,80.7,44.4,0.01380744
"261","12953302",44.4,15,30.6,33,0.01353312
"262","12953302",33,15,49.5,39.6,0.0100584
"263","12953302",39.6,20,33,33.3,0.01207008
"264","12953302",33.3,15,58.5,48.9,0.01014984
"265","12953302",48.9,5,37.8,30.6,0.01490472
"266","12953302",30.6,10,79.2,42.9,0.00932688
"267","12953302",42.9,10,36,31.2,0.01307592
"268","12953302",31.2,10,86.4,61.2,0.00950976
"269","12953302",61.2,15,20.4,44.8,0.01865376
"270","12953302",44.8,5,91.5,33.6,0.01365504
"271","12953302",33.6,45,53.1,55.8,0.01024128
"272","12953302",55.8,15,116.1,24.3,0.01700784
"273","12953302",24.3,10,24,18.3,0.00740664
"274","12953302",18.3,5,39.3,18.6,0.00557784
"275","12953302",18.6,5,22.5,34.2,0.00566928
"276","12953302",34.2,30,43.2,34.5,0.01042416
"277","12953302",34.5,5,50.4,33.9,0.0105156
"278","12953302",33.9,20,57.3,27.3,0.01033272
"279","12953302",27.3,5,14.7,30.3,0.00832104
"280","12953302",30.3,30,23.7,30,0.00923544
"281","12953302",30,30,112.5,23.7,0.009144
"282","12953302",23.7,10,64.5,52.5,0.00722376
"283","12953302",52.5,5,46.8,53.4,0.016002
"284","12953302",53.4,25,19.8,69,0.01627632
"285","12953302",69,15,28.5,59.1,0.0210312
"286","12953302",59.1,15,33,30.6,0.01801368
"287","12953302",30.6,15,97.5,70.2,0.00932688
"288","12953302",70.2,15,187.8,41.7,0.02139696
"289","12953302",41.7,20,36.3,24.6,0.01271016
"290","12953302",24.6,35,96.3,42.9,0.00749808
"291","12953302",42.9,10,119.7,72,0.01307592
"292","12953302",72,10,120.3,58.8,0.0219456
"293","12953302",58.8,15,106.5,36.6,0.01792224
"294","12953302",36.6,15,83.1,47.4,0.01115568
"295","12953302",47.4,35,30.6,49.5,0.01444752
"296","12953302",49.5,10,52.2,42,0.0150876
"297","12953302",42,30,53.4,42.9,0.0128016
"298","12953302",42.9,20,142.8,77.4,0.01307592
"299","12953302",77.4,25,26.4,72.3,0.02359152
"300","12953302",72.3,5,81.6,28.5,0.02203704
"301","12953302",28.5,5,40.8,27.9,0.0086868
"302","12953302",27.9,15,73.5,53.1,0.00850392
"303","12953302",53.1,10,19.5,58.8,0.01618488
"304","12953302",58.8,45,92.7,45.6,0.01792224
"305","12953302",45.6,10,243,60.9,0.01389888
"306","12953302",60.9,5,60.3,48.6,0.01856232
"307","12953302",48.6,40,31.5,47.7,0.01481328
"308","12953302",47.7,15,60.9,96.6,0.01453896
"309","12953302",96.6,5,34.2,30.3,0.02944368
"310","12953302",30.3,10,38.4,32.1,0.00923544
"311","12953302",32.1,15,237,55.2,0.00978408
"312","12953302",55.2,10,117.3,39.9,0.01682496
"313","12953302",39.9,20,66.9,51.3,0.01216152
"314","12953302",51.3,10,153,52.8,0.01563624
"315","12953302",52.8,10,134.7,31.5,0.01609344
"316","12953302",31.5,10,130.5,50.4,0.0096012
"317","12953302",50.4,5,199.2,33.6,0.01536192
"321","12953302",28.8,15,216.6,37.8,0.00877824
"322","12953302",37.8,20,191.1,22.8,0.01152144
"323","12953302",22.8,10,28.5,46.5,0.00694944
"324","12953302",46.5,10,109.2,18.3,0.0141732
"325","12953302",18.3,5,85.2,46.5,0.00557784
"326","12953302",46.5,10,97.5,37.2,0.0141732
"327","12953302",37.2,5,114.9,39,0.01133856
"328","12953302",39,20,71.1,28.8,0.0118872
"329","12953302",28.8,10,115.5,27.3,0.00877824
"330","12953302",27.3,5,69.3,31.2,0.00832104
"331","12953302",31.2,10,52.8,18.9,0.00950976
"332","12953302",18.9,15,197.1,21.9,0.00576072
"333","12953302",21.9,10,20.7,40.8,0.00667512
"334","12953302",40.8,5,254.4,50.1,0.01243584
"335","12953302",50.1,5,85.2,81.9,0.01527048
"336","12953302",81.9,10,111.9,42.3,0.02496312
"337","12953302",42.3,5,57.3,33.6,0.01289304
"338","12953302",33.6,10,90.9,111.3,0.01024128
"339","12953302",111.3,5,38.1,107.1,0.03392424
"340","12953302",107.1,5,114.3,91.2,0.03264408
"341","12953302",91.2,10,364.8,94.8,0.02779776
"342","12953302",94.8,5,244.5,45.3,0.02889504
"343","12953302",45.3,15,117.9,20.7,0.01380744
"344","12953302",20.7,5,75,31.2,0.00630936
"345","12953302",31.2,0,72,52.5,0.00950976
"346","12953302",52.5,5,92.4,20.4,0.016002
"349","12953302",47.1,10,62.7,18.9,0.01435608
"350","12953302",18.9,20,37.5,18.3,0.00576072
"351","12953302",18.3,5,74.4,19.2,0.00557784
"352","12953302",19.2,20,69,66.9,0.00585216
"353","12953302",66.9,5,98.1,135.6,0.02039112
"354","12953302",135.6,25,58.2,28.2,0.04133088
"355","12953302",28.2,10,306.3,29.1,0.00859536
"358","12953302",80.1,10,128.7,192.9,0.02441448
"359","12953302",192.9,0,497.7,47.7,0.05879592
"360","12953302",47.7,5,259.2,83.1,0.01453896
"361","12953302",83.1,45,319.8,44.7,0.02532888
"362","12953302",44.7,15,231,60,0.01362456
"363","12953302",60,5,205.1,54.9,0.018288
"364","12953302",54.9,20,64.8,59.7,0.01673352
"367","12953302",66,25,25.5,76.8,0.0201168
"368","12953302",76.8,45,143.4,70.5,0.02340864
"369","12953302",70.5,25,175.2,64.8,0.0214884
"370","12953302",64.8,15,196.8,63.9,0.01975104
"372","12953302",55.8,10,90.3,41.1,0.01700784
"373","12953302",41.1,30,106.5,49.5,0.01252728
"374","12953302",49.5,25,58.8,37.8,0.0150876
"375","12953302",37.8,20,192.6,50.7,0.01152144
"376","12953302",50.7,15,72.6,64.2,0.01545336
"377","12953302",64.2,20,272.7,46.5,0.01956816
"378","12953302",46.5,25,38.4,69.6,0.0141732
"379","12953302",69.6,5,139.8,56.4,0.02121408
"380","12953302",56.4,35,171,54.6,0.01719072
"381","12953302",54.6,30,167.4,58.5,0.01664208
"382","12953302",58.5,15,74.4,51.6,0.0178308
"383","12953302",51.6,40,32.7,50.4,0.01572768
"384","12953302",50.4,15,222.9,50.1,0.01536192
"385","12953302",50.1,30,124.5,37.8,0.01527048
"386","12953302",37.8,25,153.3,109.8,0.01152144
"387","12953302",109.8,35,246.3,60,0.03346704
"388","12953302",60,30,220.2,60.6,0.018288
"389","12953302",60.6,25,178.8,55.5,0.01847088
"390","12953302",55.5,50,173.7,50.7,0.0169164
"391","12953302",50.7,20,34.2,43.2,0.01545336
"392","12953302",43.2,30,49.8,60.6,0.01316736
"393","12953302",60.6,35,33.9,58.8,0.01847088
"395","12953302",61.8,10,20.4,55.5,0.01883664
"396","12953302",55.5,5,23.7,53.4,0.0169164
"397","12953302",53.4,15,121.5,49.8,0.01627632
"398","12953302",49.8,15,202.5,60.6,0.01517904
"399","12953302",60.6,20,185.1,46.8,0.01847088
"400","12953302",46.8,10,37.8,54.3,0.01426464
"401","12953302",54.3,30,30.6,46.2,0.01655064
"402","12953302",46.2,5,74.4,44.1,0.01408176
"403","12953302",44.1,5,34.8,45.3,0.01344168
"404","12953302",45.3,10,174.3,60.9,0.01380744
"405","12953302",60.9,25,137.4,57.6,0.01856232
"406","12953302",57.6,10,33,46.8,0.01755648
"407","12953302",46.8,15,48.9,48.6,0.01426464
"408","12953302",48.6,20,110.1,49.2,0.01481328
"409","12953302",49.2,15,171.9,59.4,0.01499616
"410","12953302",59.4,15,110.1,75.3,0.01810512
"411","12953302",75.3,15,40.5,64.5,0.02295144
"412","12953302",64.5,35,88.2,63,0.0196596
"413","12953302",63,20,175.2,48.9,0.0192024
"414","12953302",48.9,5,88.5,46.5,0.01490472
"415","12953302",46.5,10,138.9,53.1,0.0141732
"416","12953302",53.1,5,56.4,47.4,0.01618488
"417","12953302",47.4,15,57.9,43.8,0.01444752
"418","12953302",43.8,10,120.6,36.6,0.01335024
"419","12953302",36.6,5,50.7,43.2,0.01115568
"420","12953302",43.2,20,99.3,37.2,0.01316736
"421","12953302",37.2,10,300.9,53.1,0.01133856
"422","12953302",53.1,10,42.6,43.8,0.01618488
"424","12953302",48,10,183.3,50.4,0.0146304
"425","12953302",50.4,15,237.3,42.6,0.01536192
"426","12953302",42.6,10,132.9,41.1,0.01298448
"427","12953302",41.1,20,60.3,32.1,0.01252728
"428","12953302",32.1,20,148.2,38.7,0.00978408
"429","12953302",38.7,15,174.6,50.1,0.01179576
"430","12953302",50.1,10,145.2,63.3,0.01527048
"431","12953302",63.3,5,55.8,43.8,0.01929384
"432","12953302",43.8,15,113.4,50.1,0.01335024
"433","12953302",50.1,5,82.8,36,0.01527048
"434","12953302",36,30,123.9,62.7,0.0109728
"435","12953302",62.7,50,37.8,69,0.01911096
"436","12953302",69,15,240,38.7,0.0210312
"437","12953302",38.7,15,100.2,45,0.01179576
"438","12953302",45,20,85.2,42.3,0.013716
"439","12953302",42.3,5,321.6,47.4,0.01289304
"440","12953302",47.4,5,175.5,61.8,0.01444752
"442","12953302",35.4,5,32.7,36.6,0.01078992
"443","12953302",36.6,20,230.7,60.9,0.01115568
"444","12953302",60.9,30,87.3,37.5,0.01856232
"445","12953302",37.5,15,40.2,51.9,0.01143
"446","12953302",51.9,20,125.7,55.8,0.01581912
"447","12953302",55.8,50,31.2,47.4,0.01700784
"448","12953302",47.4,75,47.7,36.3,0.01444752
"449","12953302",36.3,15,141,49.5,0.01106424
"450","12953302",49.5,10,97.8,48.9,0.0150876
"451","12953302",48.9,15,126.3,37.5,0.01490472
"452","12953302",37.5,10,125.7,39.9,0.01143
"453","12953302",39.9,5,30.6,37.5,0.01216152
"455","12953302",48.9,30,44.4,34.8,0.01490472
"456","12953302",34.8,15,222.3,54.9,0.01060704
"457","12953302",54.9,20,136.8,51.6,0.01673352
"458","12953302",51.6,25,64.2,42.3,0.01572768
"459","12953302",42.3,20,173.7,69.6,0.01289304
"460","12953302",69.6,10,180.3,42,0.02121408
"461","12953302",42,25,108.9,43.2,0.0128016
"462","12953302",43.2,30,61.2,36.9,0.01316736
"463","12953302",36.9,20,186,39.3,0.01124712
"464","12953302",39.3,10,206.1,45.9,0.01197864
"465","12953302",45.9,5,269.1,49.8,0.01399032
"466","12953302",49.8,5,243.3,43.8,0.01517904
"467","12953302",43.8,15,130.8,43.2,0.01335024
"468","12953302",43.2,30,66,37.5,0.01316736
"469","12953302",37.5,5,131.7,38.7,0.01143
"470","12953302",33.9,15,153.3,29.4,0.01033272
"471","12953302",29.4,5,198.3,55.8,0.00896112
"472","12953302",55.8,25,108.6,38.1,0.01700784
"473","12953302",38.1,5,253.2,36.3,0.01161288
"638","12952652",21,5,58.5,25.5,0.0064008
"639","12952652",25.5,5,128.1,25.2,0.0077724
"642","12952652",26.7,0,108.6,28.2,0.00813816
"643","12952652",28.2,5,566.7,24.3,0.00859536
"644","12952652",24.3,10,226.2,30.6,0.00740664
"645","12952652",30.6,10,46.5,40.5,0.00932688
"646","12952652",40.5,5,29.1,29.1,0.0123444
"647","12952652",29.1,10,89.4,24.9,0.00886968
"648","12952652",24.9,10,100.5,24.6,0.00758952
"649","12952652",24.6,15,197.7,21.9,0.00749808
"650","12952652",21.9,5,60,24.6,0.00667512
"651","12952652",24.6,5,97.8,27,0.00749808
"652","12952652",27,15,165.9,30.9,0.0082296
"653","12952652",30.9,5,48.6,14.7,0.00941832
"654","12952652",14.7,5,406.2,25.2,0.00448056
"655","12952652",25.2,15,651.9,21.9,0.00768096
"657","12952652",17.1,0,41.7,24,0.00521208
"658","12952652",24,10,717.9,27.9,0.0073152
"659","12952652",27.9,5,72,30.3,0.00850392
"660","12952652",30.3,5,200.1,26.7,0.00923544
"661","12952652",26.7,0,132.9,23.4,0.00813816
"662","12952652",23.4,5,345.6,21.9,0.00713232
"663","12952652",21.9,15,45.9,27.3,0.00667512
"664","12952652",27.3,10,1019.4,58.2,0.00832104
"665","12952652",58.2,25,44.1,59.4,0.01773936
"666","12952652",59.4,15,415.5,21.9,0.01810512
"667","12952652",21.9,15,59.7,20.4,0.00667512
"668","12952652",20.4,5,75.6,30.3,0.00621792
"669","12952652",30.3,10,120,37.2,0.00923544
"670","12952652",37.2,10,144,27,0.01133856
"671","12952652",27,5,126.9,30.9,0.0082296
"672","12952652",30.9,10,192.3,27.3,0.00941832
"674","12952652",31.5,60,39.3,30.9,0.0096012
"675","12952652",30.9,20,37.8,24.3,0.00941832
"676","12952652",24.3,10,97.5,29.7,0.00740664
"677","12952652",29.7,10,867.3,29.1,0.00905256
"678","12952652",29.1,10,150.3,33.3,0.00886968
"679.2","12952652",33.3,5,518.1,42.6,0.01014984
"560","12953278",46.8,30,1468.2,15.3,0.01426464
"561","12953278",15.3,20,1013.7,17.7,0.00466344
"562","12953278",17.7,40,1076.4,36.3,0.00539496
"563","12953278",36.3,40,1160.7,27,0.01106424
"564","12953278",27,55,1192.2,20.7,0.0082296
"565","12953278",20.7,20,1204.8,33,0.00630936
"566","12953278",33,20,675.9,15.9,0.0100584
"567","12953278",15.9,10,1135.2,18,0.00484632
"568","12953278",18,20,1204.2,15.3,0.0054864
"569","12953278",15.3,25,1060.8,18,0.00466344
"570","12953278",18,25,1085.1,21.6,0.0054864
"571","12953278",21.6,30,1202.7,16.5,0.00658368
"572","12953278",16.5,25,1089.3,19.8,0.0050292
"573","12953278",19.8,15,1023.6,18,0.00603504
"574","12953278",18,30,1022.4,30.6,0.0054864
"575","12953278",32.4,5,924,19.5,0.00987552
"576","12953278",19.5,10,1061.4,40.5,0.0059436
"577","12953278",40.5,15,1217.1,37.8,0.0123444
"578","12953278",37.8,25,1098.3,26.7,0.01152144
"579","12953278",26.7,30,1036.2,38.7,0.00813816
"580","12953278",38.7,30,234.6,23.1,0.01179576
"581","12953278",23.1,20,450.6,48.9,0.00704088
"582","12953278",48.9,30,1206.3,40.8,0.01490472
"583","12953278",40.8,30,1088.7,44.4,0.01243584
"584","12953278",44.4,40,1169.7,32.7,0.01353312
"585","12953278",32.7,30,1205.7,36.9,0.00996696
"586","12953278",36.9,30,1250.7,38.1,0.01124712
"587","12953278",38.1,20,548.4,28.2,0.01161288
"589","12953278",25.2,15,412.5,28.5,0.00768096
"590","12953278",28.5,5,61.2,21.9,0.0086868
"592","12953278",29.7,5,1279.5,59.4,0.00905256
"593","12953278",59.4,5,485.7,54.9,0.01810512
"594","12953278",54.9,5,381.9,23.7,0.01673352
"595","12953278",23.7,5,109.2,15.6,0.00722376
"596","12953278",13.8,5,62.1,21.9,0.00420624
"597","12953278",21.9,15,889.8,24.6,0.00667512
"598","12953278",24.6,20,995.1,27.9,0.00749808
"599","12953278",27.9,20,909,26.7,0.00850392
"600","12953278",26.7,25,956.7,28.5,0.00813816
"601","12953278",28.5,30,774,24.6,0.0086868
"602","12953278",24.6,30,34.8,20.4,0.00749808
"604","12953278",26.1,20,1504.8,28.8,0.00795528
"605","12953278",28.8,25,1065,21.6,0.00877824
"606","12953278",21.6,15,743.4,25.2,0.00658368
"607","12953278",25.2,20,1107,21,0.00768096
"608","12953278",21,25,802.2,23.1,0.0064008
"609","12953278",23.1,5,57.6,22.5,0.00704088
"610","12953278",22.5,10,278.4,20.4,0.006858
"611","12953278",20.4,0,23.1,29.7,0.00621792
"612","12953278",29.7,5,63.3,14.4,0.00905256
"613","12953278",14.4,10,357.6,27.6,0.00438912
"614","12953278",27.6,5,185.7,23.7,0.00841248
"615","12953278",23.7,5,66.9,24,0.00722376
"616","12953278",24,5,118.5,23.4,0.0073152
"617","12953278",23.4,5,225.3,29.1,0.00713232
"618","12953278",29.1,5,186.6,32.1,0.00886968
"619","12953278",32.1,5,130.2,28.5,0.00978408
"620","12953278",28.5,5,1149.6,20.4,0.0086868
"621","12953278",20.4,5,106.2,24.6,0.00621792
"622","12953278",24.6,10,137.4,19.2,0.00749808
"623","12953278",19.2,15,154.8,34.5,0.00585216
"624","12953278",34.5,10,38.7,31.5,0.0105156
"625","12953278",31.5,10,84,31.2,0.0096012
"626","12953278",31.2,20,213.6,17.7,0.00950976
"627","12953278",17.7,15,103.5,34.8,0.00539496
"628","12953278",34.8,5,37.2,39.6,0.01060704
"629","12953278",39.6,10,90,20.7,0.01207008
"630","12953278",20.7,10,160.5,18.9,0.00630936
"631","12953278",18.9,15,967.5,25.5,0.00576072
"632","12953278",25.5,20,565.8,37.5,0.0077724
"633","12953278",37.5,10,61.8,22.2,0.01143
"634","12953278",22.2,5,57.3,26.7,0.00676656
"635","12953278",26.7,5,235.2,28.2,0.00813816
"636","12953278",28.2,5,114.3,28.5,0.00859536
"637","12953278",28.5,10,729.9,21,0.0086868
"556","12953232",81,15,9,24,0.0246888
"557","12953232",24,25,983.7,19.5,0.0073152
"558","12953232",19.5,20,1140.9,13.5,0.0059436
"559","12953232",13.5,40,1000.8,46.8,0.0041148
"1115","12952856",13,NA,NA,NA,0.0039624
"2100","12952856",27,NA,NA,NA,0.0082296
"347","12952856",17,NA,NA,NA,0.0051816
"423","12952856",22,NA,NA,NA,0.0067056
"512","12952856",20,NA,NA,NA,0.006096
"640","12952856",16,NA,NA,NA,0.0048768
"710","12952856",19,NA,NA,NA,0.0057912
"813","12952856",18,NA,NA,NA,0.0054864
"914","12952856",26,NA,NA,NA,0.0079248
"1057","12952856",25,NA,NA,NA,0.00762
"1124","12952856",25,NA,NA,NA,0.00762
"1261","12952856",23,NA,NA,NA,0.0070104
"1320","12952856",30,NA,NA,NA,0.009144
"1411","12952856",39,NA,NA,NA,0.0118872
"1511","12952856",39,NA,NA,NA,0.0118872
"1628","12952856",39,NA,NA,NA,0.0118872
"1712","12952856",31,NA,NA,NA,0.0094488
"1810","12952856",42,NA,NA,NA,0.0128016
"1910","12952856",42,NA,NA,NA,0.0128016
"2010","12952856",42,NA,NA,NA,0.0128016
"2110","12952856",45,NA,NA,NA,0.013716
"2210","12952856",42,NA,NA,NA,0.0128016
"2310","12952856",60,NA,NA,NA,0.018288
"2410","12952856",42,NA,NA,NA,0.0128016
"2510","12952856",30,NA,NA,NA,0.009144
"2610","12952856",40,NA,NA,NA,0.012192
"2710","12953232",20,NA,NA,NA,0.006096
"2810","12953232",16,NA,NA,NA,0.0048768
"2910","12953232",16,NA,NA,NA,0.0048768
"3010","12953232",17,NA,NA,NA,0.0051816
"3110","12953232",21,NA,NA,NA,0.0064008
"3210","12953232",22,NA,NA,NA,0.0067056
"3310","12953232",17,NA,NA,NA,0.0051816
"348","12953232",19,NA,NA,NA,0.0057912
"356","12953232",18,NA,NA,NA,0.0054864
"365","12953232",13,NA,NA,NA,0.0039624
"371","12953232",15,NA,NA,NA,0.004572
"3810","12953232",15,NA,NA,NA,0.004572
"394","12953232",10,NA,NA,NA,0.003048
"4010","12953232",25,NA,NA,NA,0.00762
"4110","12953232",26,NA,NA,NA,0.0079248
"4210","12953232",23,NA,NA,NA,0.0070104
"4310","12953232",19,NA,NA,NA,0.0057912
"441","12953232",19,NA,NA,NA,0.0057912
"454","12953232",22,NA,NA,NA,0.0067056
"4610","12953232",24,NA,NA,NA,0.0073152
"475","12953232",26,NA,NA,NA,0.0079248
"4810","12953232",29,NA,NA,NA,0.0088392
"493","12953232",22,NA,NA,NA,0.0067056
"504","12953232",27,NA,NA,NA,0.0082296
"518","12953232",50,NA,NA,NA,0.01524
"5210","12953232",42,NA,NA,NA,0.0128016
"533","12953232",23,NA,NA,NA,0.0070104
"5410","12953232",25,NA,NA,NA,0.00762
"553","12953232",25,NA,NA,NA,0.00762
"5610","12953232",29,NA,NA,NA,0.0088392
"5710","12953232",33,NA,NA,NA,0.0100584
"588","12953232",27,NA,NA,NA,0.0082296
"591","12953232",25,NA,NA,NA,0.00762
"603","12953232",27,NA,NA,NA,0.0082296
"6110","12953232",35,NA,NA,NA,0.010668
"6210","12953232",32,NA,NA,NA,0.0097536
"6310","12953232",31,NA,NA,NA,0.0094488
"641","12953232",32,NA,NA,NA,0.0097536
"656","12953232",34,NA,NA,NA,0.0103632
"6610","12953622",28,NA,NA,NA,0.0085344
"673","12953622",22,NA,NA,NA,0.0067056
"6810","12953622",22,NA,NA,NA,0.0067056
"696","12953622",33,NA,NA,NA,0.0100584
"702","12953622",24,NA,NA,NA,0.0073152
"7110","12953622",49,NA,NA,NA,0.0149352
"7210","12953622",34,NA,NA,NA,0.0103632
"731","12953622",37,NA,NA,NA,0.0112776
"741","12953622",31,NA,NA,NA,0.0094488
"7510","12953622",32,NA,NA,NA,0.0097536
"767","12953622",30,NA,NA,NA,0.009144
"7710","12953622",58,NA,NA,NA,0.0176784
"7810","12953622",81,NA,NA,NA,0.0246888
"796","12953622",15,NA,NA,NA,0.004572
"80","12953622",28,NA,NA,NA,0.0085344
"8110","12953622",30,NA,NA,NA,0.009144
"826","12953622",15,NA,NA,NA,0.004572
"8310","12953622",22,NA,NA,NA,0.0067056
"843","12953622",16,NA,NA,NA,0.0048768
"8510","12953622",28,NA,NA,NA,0.0085344
"8610","12953622",38,NA,NA,NA,0.0115824
"876","12953622",27,NA,NA,NA,0.0082296
"884","12953622",26,NA,NA,NA,0.0079248
"8910","12953622",21,NA,NA,NA,0.0064008
"9010","12953622",23,NA,NA,NA,0.0070104
"9110","8989986",10,NA,NA,NA,0.003048
"9210","8989986",10,NA,NA,NA,0.003048
"932","8989986",9,NA,NA,NA,0.0027432
"94","8989986",16,NA,NA,NA,0.0048768
"959","8989986",14,NA,NA,NA,0.0042672
"9610","8989986",12,NA,NA,NA,0.0036576
"977","8989986",12,NA,NA,NA,0.0036576
"9810","8989986",12,NA,NA,NA,0.0036576
"9910","8989986",10,NA,NA,NA,0.003048
"10010","8989986",5,NA,NA,NA,0.001524
"10110","8989986",7,NA,NA,NA,0.0021336
"10210","8989986",5,NA,NA,NA,0.001524
"10310","8989986",4,NA,NA,NA,0.0012192
"10410","12952968",69,NA,NA,NA,0.0210312
"10510","12952968",80,NA,NA,NA,0.024384
"1067","12952968",91,NA,NA,NA,0.0277368
"10710","12952968",131,NA,NA,NA,0.0399288
"10810","12952968",112,NA,NA,NA,0.0341376
"1097","12952968",79,NA,NA,NA,0.0240792
"11010","12952968",75,NA,NA,NA,0.02286
"11110","12952968",75,NA,NA,NA,0.02286
"1125","12952968",75,NA,NA,NA,0.02286
"1134","12952968",66,NA,NA,NA,0.0201168
"11410","12952968",62,NA,NA,NA,0.0188976
"1155","12952968",67,NA,NA,NA,0.0204216
"1165","12952968",69,NA,NA,NA,0.0210312
"1178","12952968",81,NA,NA,NA,0.0246888
"1188","12952968",84,NA,NA,NA,0.0256032
"1192","12952968",68,NA,NA,NA,0.0207264
"12010","12952968",56,NA,NA,NA,0.0170688
"12110","12952968",56,NA,NA,NA,0.0170688
"12210","12952968",57,NA,NA,NA,0.0173736
"12310","12952968",56,NA,NA,NA,0.0170688
"12410","12952968",78,NA,NA,NA,0.0237744
"12510","12952968",68,NA,NA,NA,0.0207264
"1263","12952968",67,NA,NA,NA,0.0204216
"12710","12952968",62,NA,NA,NA,0.0188976
"12810","12952968",54,NA,NA,NA,0.0164592
"1291","12952968",66,NA,NA,NA,0.0201168
"1305","12953010",47,NA,NA,NA,0.0143256
"13110","12953010",47,NA,NA,NA,0.0143256
"1324","12953010",49,NA,NA,NA,0.0149352
"1335","12953010",61,NA,NA,NA,0.0185928
"1347","12953010",63,NA,NA,NA,0.0192024
"13510","12953010",55,NA,NA,NA,0.016764
"13610","12953010",54,NA,NA,NA,0.0164592
"137","12953010",88,NA,NA,NA,0.0268224
"1382","12953010",92,NA,NA,NA,0.0280416
"13910","12953010",67,NA,NA,NA,0.0204216
"1402","12953010",71,NA,NA,NA,0.0216408
"14110","12953010",66,NA,NA,NA,0.0201168
"1426","12953010",71,NA,NA,NA,0.0216408
"14310","12953052",65,NA,NA,NA,0.019812
"14410","12953052",63,NA,NA,NA,0.0192024
"1456","12953052",61,NA,NA,NA,0.0185928
"1469","12953052",71,NA,NA,NA,0.0216408
"1471","12953052",64,NA,NA,NA,0.0195072
"1487","12953052",69,NA,NA,NA,0.0210312
"14910","12953052",79,NA,NA,NA,0.0240792
"15010","12953052",86,NA,NA,NA,0.0262128
"1512","12953052",70,NA,NA,NA,0.021336
"15210","12953052",70,NA,NA,NA,0.021336
"1536","12953052",66,NA,NA,NA,0.0201168
"1543","12953052",62,NA,NA,NA,0.0188976
"1551","12953052",90,NA,NA,NA,0.027432
"15610","12953348",46,NA,NA,NA,0.0140208
"15710","12953348",42,NA,NA,NA,0.0128016
"15810","12953348",44,NA,NA,NA,0.0134112
"15910","12953348",44,NA,NA,NA,0.0134112
"1605","12953348",49,NA,NA,NA,0.0149352
"16110","12953348",50,NA,NA,NA,0.01524
"16210","12953348",68,NA,NA,NA,0.0207264
"163","12953348",51,NA,NA,NA,0.0155448
"1644","12953348",45,NA,NA,NA,0.013716
"16510","12953348",52,NA,NA,NA,0.0158496
"16610","12953348",46,NA,NA,NA,0.0140208
"16710","12953348",41,NA,NA,NA,0.0124968
"16810","12953348",59,NA,NA,NA,0.0179832
"16910","12951216",16,NA,NA,NA,0.0048768
"17010","12951216",20,NA,NA,NA,0.006096
"17110","12951216",22,NA,NA,NA,0.0067056
"1726","12951216",25,NA,NA,NA,0.00762
"17310","12951216",23,NA,NA,NA,0.0070104
"17410","12951216",18,NA,NA,NA,0.0054864
"1754","12951216",22,NA,NA,NA,0.0067056
"17610","12951216",23,NA,NA,NA,0.0070104
"1773","12951216",33,NA,NA,NA,0.0100584
"1781","12951216",23,NA,NA,NA,0.0070104
"1791","12951216",29,NA,NA,NA,0.0088392
"1801","12951216",22,NA,NA,NA,0.0067056
"1811","12951216",22,NA,NA,NA,0.0067056
"1821","12953276",53,NA,NA,NA,0.0161544
"1831","12953276",63,NA,NA,NA,0.0192024
"1841","12953276",60,NA,NA,NA,0.018288
"1851","12953276",83,NA,NA,NA,0.0252984
"1861","12953276",50,NA,NA,NA,0.01524
"1871","12953276",52,NA,NA,NA,0.0158496
"1881","12953276",81,NA,NA,NA,0.0246888
"1891","12953276",54,NA,NA,NA,0.0164592
"1901","12953276",65,NA,NA,NA,0.019812
"1911","12953276",73,NA,NA,NA,0.0222504
"1921","12953276",61,NA,NA,NA,0.0185928
"1931","12953276",39,NA,NA,NA,0.0118872
"1941","12953276",60,NA,NA,NA,0.018288
"1951","12953268",130,NA,NA,NA,0.039624
"1961","12953268",109,NA,NA,NA,0.0332232
"1971","12953268",133,NA,NA,NA,0.0405384
"1981","12953268",110,NA,NA,NA,0.033528
"1991","12953268",103,NA,NA,NA,0.0313944
"2001","12953268",92,NA,NA,NA,0.0280416
"2011","12953268",84,NA,NA,NA,0.0256032
"2021","12953268",96,NA,NA,NA,0.0292608
"2031","12953268",103,NA,NA,NA,0.0313944
"2041","12953268",110,NA,NA,NA,0.033528
"2051","12953268",39,NA,NA,NA,0.0118872
"2061","12953268",78,NA,NA,NA,0.0237744
"2071","12953268",60,NA,NA,NA,0.018288
"2081","12953268",70,NA,NA,NA,0.021336
"2091","12953268",62,NA,NA,NA,0.0188976
"2101","12953268",112,NA,NA,NA,0.0341376
"2111","12953268",90,NA,NA,NA,0.027432
"2121","12953268",70,NA,NA,NA,0.021336
"2131","12953268",51,NA,NA,NA,0.0155448
"2141","12953268",72,NA,NA,NA,0.0219456
"2151","12953268",73,NA,NA,NA,0.0222504
"2161","12953268",83,NA,NA,NA,0.0252984
"2171","12953268",79,NA,NA,NA,0.0240792
"2181","12953268",84,NA,NA,NA,0.0256032
"2191","12953268",74,NA,NA,NA,0.0225552
"2201","12953268",82,NA,NA,NA,0.0249936
"2211","12953218",11,NA,NA,NA,0.0033528
"2221","12953218",14,NA,NA,NA,0.0042672
"2231","12953218",17,NA,NA,NA,0.0051816
"2241","12953218",15,NA,NA,NA,0.004572
"2251","12953218",13,NA,NA,NA,0.0039624
"2261","12953218",13,NA,NA,NA,0.0039624
"2271","12953218",11,NA,NA,NA,0.0033528
"2281","12953218",14,NA,NA,NA,0.0042672
"2291","12953218",17,NA,NA,NA,0.0051816
"2301","12953218",18,NA,NA,NA,0.0054864
"2311","12953218",22,NA,NA,NA,0.0067056
"2321","12953218",20,NA,NA,NA,0.006096
"2331","12953218",23,NA,NA,NA,0.0070104
"2341","12953314",60,NA,NA,NA,0.018288
"2351","12953314",69,NA,NA,NA,0.0210312
"2361","12953314",93,NA,NA,NA,0.0283464
"2371","12953314",72,NA,NA,NA,0.0219456
"2381","12953314",61,NA,NA,NA,0.0185928
"2391","12953314",102,NA,NA,NA,0.0310896
"2401","12953314",105,NA,NA,NA,0.032004
"2411","12953314",105,NA,NA,NA,0.032004
"2421","12953314",96,NA,NA,NA,0.0292608
"2431","12953314",96,NA,NA,NA,0.0292608
"2441","12953314",90,NA,NA,NA,0.027432
"2451","12953314",97,NA,NA,NA,0.0295656
"2461","12953314",69,NA,NA,NA,0.0210312
"2471","1293314",106,NA,NA,NA,0.0323088
"2481","1293314",111,NA,NA,NA,0.0338328
"2491","1293314",108,NA,NA,NA,0.0329184
"2501","1293314",102,NA,NA,NA,0.0310896
"2511","1293314",105,NA,NA,NA,0.032004
"2521","1293314",95,NA,NA,NA,0.028956
"2531","1293314",90,NA,NA,NA,0.027432
"2541","1293314",96,NA,NA,NA,0.0292608
"2551","1293314",87,NA,NA,NA,0.0265176
"2561","1293314",83,NA,NA,NA,0.0252984
"2571","1293314",81,NA,NA,NA,0.0246888
"2581","1293314",78,NA,NA,NA,0.0237744
"2591","1293314",60,NA,NA,NA,0.018288
"2601","12952678",31,NA,NA,NA,0.0094488
"2611","12952678",32,NA,NA,NA,0.0097536
"2621","12952678",29,NA,NA,NA,0.0088392
"2631","12952678",32,NA,NA,NA,0.0097536
"2641","12952678",37,NA,NA,NA,0.0112776
"2651","12952678",23,NA,NA,NA,0.0070104
"2661","12952678",25,NA,NA,NA,0.00762
"2671","12952678",35,NA,NA,NA,0.010668
"2681","12952678",30,NA,NA,NA,0.009144
"2691","12952678",36,NA,NA,NA,0.0109728
"2701","12952678",30,NA,NA,NA,0.009144
"2711","12952678",36,NA,NA,NA,0.0109728
"2721","12952678",38,NA,NA,NA,0.0115824
"2731","12953246",18,NA,NA,NA,0.0054864
"2741","12953246",11,NA,NA,NA,0.0033528
"2751","12953246",12,NA,NA,NA,0.0036576
"2761","12953246",16,NA,NA,NA,0.0048768
"2771","12953246",13,NA,NA,NA,0.0039624
"2781","12953246",19,NA,NA,NA,0.0057912
"2791","12953246",10,NA,NA,NA,0.003048
"2801","12953246",34,NA,NA,NA,0.0103632
"2811","12953246",14,NA,NA,NA,0.0042672
"2821","12953246",10,NA,NA,NA,0.003048
"2831","12953246",17,NA,NA,NA,0.0051816
"2841","12953246",8,NA,NA,NA,0.0024384
"2851","12953246",7,NA,NA,NA,0.0021336
"2861","12953302",91,NA,NA,NA,0.0277368
"2871","12953302",76,NA,NA,NA,0.0231648
"2881","12953302",121,NA,NA,NA,0.0368808
"2891","12953302",51,NA,NA,NA,0.0155448
"2901","12953302",59,NA,NA,NA,0.0179832
"2911","12953302",63,NA,NA,NA,0.0192024
"2921","12953302",58,NA,NA,NA,0.0176784
"2931","12953302",63,NA,NA,NA,0.0192024
"2941","12953302",56,NA,NA,NA,0.0170688
"2951","12953302",75,NA,NA,NA,0.02286
"2961","12953302",46,NA,NA,NA,0.0140208
"2971","12953302",66,NA,NA,NA,0.0201168
"2981","12953302",66,NA,NA,NA,0.0201168
"2991","12953302",20,NA,NA,NA,0.006096
"3001","12953302",27,NA,NA,NA,0.0082296
"3011","12953302",39,NA,NA,NA,0.0118872
"3021","12953302",36,NA,NA,NA,0.0109728
"3031","12953302",33,NA,NA,NA,0.0100584
"3041","12953302",36,NA,NA,NA,0.0109728
"3051","12953302",35,NA,NA,NA,0.010668
"3061","12953302",33,NA,NA,NA,0.0100584
"3071","12953302",48,NA,NA,NA,0.0146304
"3081","12953302",48,NA,NA,NA,0.0146304
"3091","12953302",45,NA,NA,NA,0.013716
"3101","12953302",45,NA,NA,NA,0.013716
"3111","12953302",57,NA,NA,NA,0.0173736
"3121","12953302",79,NA,NA,NA,0.0240792
"3131","12953302",74,NA,NA,NA,0.0225552
"3141","12953302",63,NA,NA,NA,0.0192024
"3151","12953302",72,NA,NA,NA,0.0219456
"3161","12953302",63,NA,NA,NA,0.0192024
"3171","12953302",79,NA,NA,NA,0.0240792
"318","12953302",54,NA,NA,NA,0.0164592
"319","12953302",59,NA,NA,NA,0.0179832
"320","12953302",55,NA,NA,NA,0.016764
"3211","12953302",66,NA,NA,NA,0.0201168
"3221","12953302",72,NA,NA,NA,0.0219456
"3231","12953302",57,NA,NA,NA,0.0173736
"3241","12953302",72,NA,NA,NA,0.0219456
"3251","12952856",33,NA,NA,NA,0.0100584
"3261","12952856",30,NA,NA,NA,0.009144
"3271","12952856",36,NA,NA,NA,0.0109728
"3281","12952856",42,NA,NA,NA,0.0128016
"3291","12952856",39,NA,NA,NA,0.0118872
"3301","12952856",33,NA,NA,NA,0.0100584
"3311","12952856",39,NA,NA,NA,0.0118872
"3321","12952856",54,NA,NA,NA,0.0164592
"3331","12952856",48,NA,NA,NA,0.0146304
"3341","12952856",40,NA,NA,NA,0.012192
"3351","12952856",34,NA,NA,NA,0.0103632
"3361","12952856",36,NA,NA,NA,0.0109728
"3371","12952856",33,NA,NA,NA,0.0100584
