"","unit","COMID","length.km","width.km","area.kmsq","area.acre","unit.area.acre","proportion.area"
"1","1",12953620,0.276,0.00225699876983886,0.000622931660475525,0.153929765589779,36.3646800088556,0.00423294706710726
"2","1",12953248,2.559,0.01700784,0.04352306256,10.7547829765081,36.3646800088556,0.295748043813092
"3","1",12953246,5.897,0.005937504,0.035013461088,8.65201465863599,36.3646800088556,0.237923574647956
"4","1",12953238,1.588,0.00752171463641126,0.0119444828426211,2.95154598925389,36.3646800088556,0.0811651852438994
"5","1",12953242,4.588,0.00554022202461634,0.0254185386489398,6.28105768918415,36.3646800088556,0.172724129227992
"6","1",12952498,0.393,0.00662757995510433,0.002604638922356,0.643620294493006,36.3646800088556,0.0176990501315086
"7","1",12953592,3.771,0.00743450626358153,0.028035523119966,6.92772863519072,36.3646800088556,0.190507069868445
"8","10",12953284,2.681,0.00254259773989577,0.00681670454066056,1.68444437586889,78.504186834781,0.0214567457327333
"9","10",12952608,2.373,0.0109131008520987,0.0258967883220302,6.39923575708971,78.504186834781,0.0815145792231116
"10","10",12952678,2.239,0.0106045686486486,0.0237436292043242,5.86717855194946,78.504186834781,0.074737141909354
"11","10",12952694,0.607,0.018768311626851,0.0113923651574986,2.81511473805692,78.504186834781,0.0358594216634787
"12","10",12952592,0.651,0.0102464312334149,0.0066704267329531,1.64829834239515,78.504186834781,0.0209963112650812
"13","10",12953272,5.587,0.00500834077496448,0.0279815999097265,6.91440391975458,78.504186834781,0.0880768809733238
"14","10",12952650,3.855,0.00756233513513513,0.0291528019459459,7.20381424568969,78.504186834781,0.0917634400933387
"15","10",12952776,3.318,0.032004,0.106189272,26.2399405652806,78.504186834781,0.334248931467883
"16","10",12953294,2.033,0.00295309486642847,0.00600364186344908,1.48353221285983,78.504186834781,0.0188974916201865
"17","10",12952734,3.917,0.0188531894309509,0.0738479430010347,18.2482241258362,78.504186834781,0.232449056051509
"18","11",12953276,9.356,0.0174538105263158,0.163297851284211,40.3517778343533,141.63422234711,0.284901326569656
"19","11",12953268,16.108,0.025185624,0.405690031392,100.248189964546,141.63422234711,0.707796380728263
"20","11",12952584,0.316,0.0132451888000663,0.00418547966082095,1.03425454821022,141.63422234711,0.00730229270208103
"21","12",12952510,1.994,0.00615506398047534,0.0122731975770678,3.03277316910324,96.8455015294659,0.0313155812217101
"22","12",12952552,1.029,0.00102966490679776,0.00105952518909489,0.261814376025365,96.8455015294659,0.00270342320387185
"23","12",12952476,0.974,0.00425407314817209,0.00414346724631962,1.02387305449851,96.8455015294659,0.0105722314235421
"24","12",12952516,1.19,0.00511202472321941,0.0060833094206311,1.50321849496785,96.8455015294659,0.0155218205412513
"25","12",12952536,2.665,0.00534020915741527,0.0142316574045117,3.51671913185187,96.8455015294659,0.0363126740665583
"26","12",12952508,0.193,0.0038706783604275,0.000747040923562508,0.184597832388497,96.8455015294659,0.00190610642180764
"27","12",12952494,0.138,0.00956853622999125,0.00132045799973879,0.326292277736825,96.8455015294659,0.00336920427468227
"28","12",12953230,8.766,0.0217496571428571,0.190657494514285,47.1124929115265,96.8455015294659,0.486470637948962
"29","12",12953224,2.062,0.0020073106567975,0.00413907457431644,1.02278760160751,96.8455015294659,0.0105610233356716
"30","12",12952468,0.095,0.00116899780032815,0.000111054791031174,0.0274422365015147,96.8455015294659,0.000283360982886388
"31","12",12953362,2.275,0.00633558670842172,0.0144134597616594,3.56164347266649,96.8455015294659,0.0367765504480643
"32","12",12952474,0.306,0.00321022246398354,0.000982328073978963,0.242738553446478,96.8455015294659,0.00250645150898024
"33","12",12952534,0.458,0.00585287657504958,0.00268061747137271,0.662395002831101,96.8455015294659,0.00683970852925536
"34","12",12952522,1.071,0.00719202936048911,0.00770266344508384,1.90336958891063,96.8455015294659,0.0196536706284857
"35","12",12952514,0.138,0.00124143122256819,0.00017131750871441,0.0423334783428788,96.8455015294659,0.000437123848545495
"36","12",12953220,3.75,0.00562637537046116,0.0210989076392294,5.21365362073226,96.8455015294659,0.0538347526564873
"37","12",12952520,0.773,0.00199639143462748,0.00154321057896704,0.381335638799816,96.8455015294659,0.00393756687484129
"38","12",12952530,0.101,0.00127528777513777,0.000128804065288915,0.031828177687739,96.8455015294659,0.00032864900470421
"39","12",12953208,0.917,0.00435787423458683,0.00399617067311612,0.987475278588259,96.8455015294659,0.0101963980049999
"40","12",12952548,1.757,0.00189657284403835,0.00333227848697538,0.82342394667888,96.8455015294659,0.00850244909339798
"41","12",12953210,3.522,0.00463793806963117,0.016334817881241,4.03642140374073,96.8455015294659,0.0416789767205926
"42","12",12952490,0.155,0.00895472200206264,0.00138798191031971,0.342977799419077,96.8455015294659,0.0035414943802498
"43","12",12952504,0.228,0.00279658063572438,0.000637620384945159,0.157559428453114,96.8455015294659,0.00162691530287729
"44","12",12952532,1.477,0.00600865542928742,0.00887478406905752,2.19300690282318,96.8455015294659,0.0226443858329955
"45","12",12953200,1.373,0.00331077196858682,0.0045456899128697,1.12326443995111,96.8455015294659,0.0115985195203863
"46","12",12953228,0.802,0.00315201784759403,0.00252791831377041,0.624662219242071,96.8455015294659,0.00645009018877365
"47","12",12953206,3.495,0.00510445703182591,0.0178400773262316,4.40837911310218,96.8455015294659,0.0455197096765604
"48","12",12952518,0.176,0.00579637989592479,0.00102016286168276,0.252087733094754,96.8455015294659,0.00260298856543228
"49","12",12953218,5.511,0.00561892173913043,0.0309658777043478,7.65183502259846,96.8455015294659,0.0790107429023983
"50","12",12953202,0.604,0.00157248217163047,0.000949779231664804,0.234695559350123,96.8455015294659,0.00242340176511673
"51","12",12953602,0.113,0.00244783112518427,0.000276604917145823,0.0683505635670122,96.8455015294659,0.000705769111497823
"52","12",12952492,0.059,0.00615506398047534,0.000363148774848045,0.0897360165381599,96.8455015294659,0.000926589414283297
"53","12",12952544,1.932,0.00743871206000988,0.0143715916999391,3.5512976493038,96.8455015294659,0.0366697223228617
"54","12",12952542,0.351,0.00287107553293205,0.00100774751205915,0.249019833389963,96.8455015294659,0.00257131027726876
"55","13",12952478,1.741,0.00640213518280751,0.0111461173532679,2.75426558045705,66.2445031800196,0.0415772697845182
"56","13",12952512,0.869,0.00591455503029929,0.00513974832133008,1.27005946958749,66.2445031800196,0.0191722997172475
"57","13",12952482,0.628,0.00110277534761835,0.000692542918304324,0.171131082009974,66.2445031800196,0.00258332501256632
"58","13",12953236,1.509,0.00233197328041439,0.00351894768014531,0.869550908865305,66.2445031800196,0.0131263858452119
"59","13",12952480,0.751,0.00243582716823498,0.00182930620334447,0.452031407197687,66.2445031800196,0.00682368174713743
"60","13",12952528,0.469,0.0085412584192246,0.00400585019861634,0.98986714142941,66.2445031800196,0.0149426306170558
"61","13",12952506,0.365,0.00583857665740763,0.00213108047995378,0.52660145493621,66.2445031800196,0.00794936077194463
"62","13",12953278,12.976,0.0084234528,0.1093027235328,27.0092911939727,66.2445031800196,0.407721243233945
"63","13",12952502,0.067,0.00092038667582404,6.16659072802107e-05,0.0152379775419953,66.2445031800196,0.000230026293662224
"64","13",12952538,1.298,0.00198814030252458,0.0025806061126769,0.637681657889525,66.2445031800196,0.00962618220800333
"65","13",12952526,0.274,0.00606209697994191,0.00166101457250408,0.410445639561142,66.2445031800196,0.0061959199610231
"66","13",12952652,2.638,0.00868198736842105,0.0229030826778947,5.6594749818952,66.2445031800196,0.0854331259231511
"67","13",12953222,3.249,0.00691527748381744,0.0224677365449229,5.55189860963694,66.2445031800196,0.083809196886112
"68","13",12953212,0.666,0.00664851157087562,0.00442790870620316,1.09416006994812,66.2445031800196,0.0165169941266633
"69","13",12953274,1.708,0.00204745353001376,0.0034970506292635,0.864140029754148,66.2445031800196,0.0130447054211554
"70","13",12953214,2.217,0.00203686955050453,0.00451573979346854,1.1158636042715,66.2445031800196,0.0168446218283069
"71","13",12953232,6.259,0.00771923720930233,0.0483147056930233,11.9388237807483,66.2445031800196,0.180223614151118
"72","13",12952486,0.247,0.00565445977206052,0.00139665156369895,0.345120117424542,66.2445031800196,0.00520979252401783
"73","13",12953226,0.981,0.0060592009682843,0.0059440761498869,1.46881320448768,66.2445031800196,0.0221726050310345
"74","13",12952488,0.045,0.00567484582490979,0.000255368062120941,0.0631028224049258,66.2445031800196,0.00095257446845731
"75","13",12952484,0.084,0.00563558090217128,0.000473388795782388,0.116976918964089,66.2445031800196,0.00176583585578722
"76","13",12952540,1.377,0.00858146786221572,0.011816681246271,2.91996552703571,66.2445031800196,0.0440786085918811
"77","14",12953234,2.175,0.0053560570458648,0.0116494240747559,2.87863537986535,22.7435319202158,0.126569408391079
"78","14",12953244,1.297,0.00236808506869461,0.00307140633409691,0.758961033827685,22.7435319202158,0.0333704121457527
"79","14",12952562,2.421,0.00632476480986053,0.0153122556046723,3.7837407623153,22.7435319202158,0.166365574862719
"80","14",12953240,1.642,0.00569990276536581,0.00935924034073066,2.31271865463913,22.7435319202158,0.101686873558255
"81","14",12952546,2.455,0.00523808423991103,0.0128594968089816,3.17765086445919,22.7435319202158,0.139716684093147
"82","14",12953270,6.291,0.0059622612244898,0.0375085853632653,9.26857329448342,22.7435319202158,0.407525679256745
"83","14",12952554,0.908,0.00251035208467184,0.00227939969288203,0.563251930625754,22.7435319202158,0.0247653676923021
"84","15",12953262,0.909,0.00357820613158444,0.00325258937361026,0.803732337922011,46.0425401240359,0.0174562988001271
"85","15",12952572,1.762,0.00752446824936529,0.0132581130553816,3.27615108408489,46.0425401240359,0.0711548727602588
"86","15",12952570,0.074,0.00521801422118909,0.000386133052367993,0.0954155552024738,46.0425401240359,0.00207233473534323
"87","15",12953252,0.145,0.00521129731613767,0.000755638110839962,0.186722243630237,46.0425401240359,0.00405542880838499
"88","15",12953256,1.815,0.00517750779721673,0.00939717665194836,2.32209292129404,46.0425401240359,0.0504336406079782
"89","15",12952568,0.444,0.0059964054738847,0.00266240403040481,0.657894363552898,46.0425401240359,0.0142888372748456
"90","15",12952578,0.54,0.00758397361796147,0.00409534575369919,1.01198197470778,46.0425401240359,0.0219792820287837
"91","15",12953254,3.309,0.00438603071758204,0.014513375644479,3.58633322500524,46.0425401240359,0.0778917326312552
"92","15",12952564,1.379,0.00598066818528396,0.00824734142750658,2.03796244953397,46.0425401240359,0.0442625981113079
"93","15",12953258,8.916,0.00631391387106127,0.0562948560743823,13.9107618848994,46.0425401240359,0.302128463100095
"94","15",12953260,1.869,0.00377440690776694,0.00705436651061641,1.74317192761506,46.0425401240359,0.0378600295057367
"95","15",12953264,4.489,0.00820922371175906,0.0368512052420864,9.10613112887057,46.0425401240359,0.197776471592123
"96","15",12953266,4.01,0.00737132276240435,0.0295590042772414,7.30418902771732,46.0425401240359,0.158640010043761
"97","16",12952908,4.946,0.01161288,0.05743730448,14.1930670339761,43.761086188729,0.324330775812225
"98","16",12953622,5.943,0.00810538580645161,0.0481703078477419,11.9031422961071,43.761086188729,0.272002898757408
"99","16",12953320,4.158,0.00813816,0.03383846928,8.36166785969936,43.761086188729,0.191075418549665
"100","16",12952804,1.677,0.0106646133333333,0.0178845565599999,4.41937017112988,43.761086188729,0.100988584974112
"101","16",12952946,1.832,0.0107883157894737,0.0197641945263158,4.88383882781653,43.761086188729,0.111602321906589
"102","17",12953050,1.844,0.00135430713502723,0.00249734235699021,0.617106735778176,45.2288120355131,0.0136441066657606
"103","17",12953366,4.435,0.00610050550105986,0.0270557418972005,6.68561942238489,45.2288120355131,0.147817710028188
"104","17",12953336,2.846,0.0036576,0.0104095296,2.57225078270175,45.2288120355131,0.0568719510183476
"105","17",12953014,0.196,0.00611433558522164,0.00119840977470344,0.296133504532074,45.2288120355131,0.0065474526348283
"106","17",12953032,1.659,0.00203421007746083,0.00337475451850752,0.83392000265384,45.2288120355131,0.0184378046896093
"107","17",12952972,2.1,0.00283500310068416,0.00595350651143674,1.47114349757583,45.2288120355131,0.0325266888818726
"108","17",12952970,0.721,0.006169152,0.004447958592,1.09911450462632,45.2288120355131,0.0243012021576712
"109","17",12953042,1.04,0.00766620787850828,0.00797285619364861,1.97013567111439,45.2288120355131,0.0435593061689851
"110","17",12953350,4.2,0.00931025454545454,0.0391030690909091,9.66257880424601,45.2288120355131,0.213637687336539
"111","17",12952984,2.537,0.00141738264961214,0.003595899782066,0.888566187365116,45.2288120355131,0.0196460209184231
"112","17",12953038,1.471,0.00787976621504234,0.0115911361023273,2.86423210820342,45.2288120355131,0.0633275998041792
"113","17",12953356,3.645,0.0024297903409282,0.00885658579268329,2.18851001079768,45.2288120355131,0.0483875192007982
"114","17",12954890,0.42,0.00308654222811452,0.0012963477358081,0.320334501770956,45.2288120355131,0.00708253184981808
"115","17",12953334,1.206,0.00627888,0.00757232928,1.87116331532939,45.2288120355131,0.0413710471515408
"116","17",12953058,2.826,0.00747013767698432,0.0211106090751577,5.21654510852104,45.2288120355131,0.115336770384884
"117","17",12953344,3.282,0.00822621333333333,0.02699843216,6.67145787791218,45.2288120355131,0.147504601108555
"118","18",12953342,5.063,0.0056388,0.0285492444,7.05467192806134,55.9301402019767,0.126133635685255
"119","18",12953616,0.419,0.00625692093158145,0.00262164987033263,0.647823791281888,55.9301402019767,0.0115827314028259
"120","18",12952962,2.548,0.00182306917246332,0.00464518025143654,1.14784903801497,55.9301402019767,0.0205229065021082
"121","18",12953028,1.23,0.00618977495983787,0.00761342320060058,1.88131784425537,55.9301402019767,0.033636923445239
"122","18",12952998,0.055,0.00208127426848498,0.000114470084766674,0.0282861739628477,55.9301402019767,0.000505741159609109
"123","18",12952994,4.942,0.00452656657940503,0.0223702920354197,5.52781954694427,55.9301402019767,0.0988343588444805
"124","18",12953020,3.114,0.00521208,0.01623041712,4.01062341380881,55.9301402019767,0.0717077303816068
"125","18",12952990,1.557,0.00148944260102707,0.00231906212979915,0.573052732230075,55.9301402019767,0.0102458661852205
"126","18",12952986,3.179,0.00222496528028092,0.00707316462601305,1.74781704309101,55.9301402019767,0.0312500028925235
"127","18",12952988,2.246,0.00160770259361253,0.00361090002525374,0.892272828180123,55.9301402019767,0.0159533451008333
"128","18",12952964,2.056,0.00183564109419471,0.00377407808966432,0.932595006033374,55.9301402019767,0.0166742833589467
"129","18",12953624,0.55,0.00767522309428965,0.00422137270185931,1.04312391180802,55.9301402019767,0.018650479116288
"130","18",12952976,1.985,0.00177467002798879,0.00352272000555775,0.870483070775362,55.9301402019767,0.0155637562793844
"131","18",12953600,1.407,0.00737309917991444,0.0103739505461396,2.56345900702534,55.9301402019767,0.0458332304866052
"132","18",12952982,1.431,0.00300585333317295,0.00430137611977049,1.06289318690964,55.9301402019767,0.0190039428306686
"133","18",12953008,6.742,0.00698230944420594,0.0470747302728365,11.6324191815332,55.9301402019767,0.20798122692927
"134","18",12953338,4.781,0.010668,0.051003708,12.6032907215799,55.9301402019767,0.225339873564889
"135","18",12953614,0.179,0.00229054929143434,0.000410008323166747,0.101315263100832,55.9301402019767,0.00181146091776203
"136","18",12953006,2.535,0.0022749886734988,0.00576709628731946,1.42508052803595,55.9301402019767,0.0254796523464746
"137","18",12952996,0.359,0.00207354593917976,0.000744402992165534,0.183945985344364,55.9301402019767,0.0032888525700113
"138","19",12952872,2.903,0.00537474525986109,0.0156028854893767,3.85555697084094,119.793860214872,0.032184929711133
"139","19",12952936,2.897,0.00312499694255158,0.00905311614257193,2.23707371787679,119.793860214872,0.0186743603876208
"140","19",12952644,0.435,0.0017206593838991,0.000748486831996109,0.184955124143549,119.793860214872,0.00154394493851186
"141","19",12952788,1.895,0.00561714622007252,0.0106444920870374,2.63031127769161,119.793860214872,0.0219569790386057
"142","19",12952732,2.688,0.00196587114817884,0.00528426164630472,1.30576948988244,119.793860214872,0.0109001370148713
"143","19",12952876,0.997,0.00173098790440757,0.00172579494069435,0.426453217154381,119.793860214872,0.00355989210456579
"144","19",12952960,1.776,0.00149807324430131,0.00266057808187913,0.657443161845921,119.793860214872,0.00548812068220089
"145","19",12952642,1.672,0.00155642532105037,0.00260234313679622,0.643052993526489,119.793860214872,0.00536799625934967
"146","19",12953610,0.06,0.00226151724613564,0.000135691034768138,0.0335299849080552,119.793860214872,0.000279897357409747
"147","19",12952966,2.921,0.00251990316451347,0.00736063714354385,1.81885304919679,119.793860214872,0.0151831909075669
"148","19",12952756,2.932,0.00179103076805443,0.00525130221193559,1.29762503627971,119.793860214872,0.0108321497775611
"149","19",12952724,0.692,0.00475587326318466,0.00329106429812378,0.813239698820847,119.793860214872,0.0067886592631889
"150","19",12952878,1.87,0.00203952360334819,0.00381390913826112,0.942437472491121,119.793860214872,0.00786716005979513
"151","19",12952692,2.142,0.00187257183942873,0.00401104888005634,0.991151763589768,119.793860214872,0.00827381104350389
"152","19",12952660,1.786,0.00194033719302027,0.0034654422267342,0.856329423389578,119.793860214872,0.00714835820344713
"153","19",12952938,1.446,0.00166020597271474,0.00240065783654551,0.593215470471719,119.793860214872,0.00495196890231002
"154","19",12952870,2.148,0.00216830783286136,0.0046575252249862,1.15089954741316,119.793860214872,0.00960733334203285
"155","19",12952634,1.182,0.00159998039289524,0.00189117682440217,0.467319970615762,119.793860214872,0.00390103440842076
"156","19",12952730,2.139,0.00179751004811698,0.00384487399292222,0.950089054714228,119.793860214872,0.00793103296788393
"157","19",12952722,1.404,0.00207870315110112,0.00291849922414597,0.721176864094217,119.793860214872,0.00602014880228967
"158","19",12952758,2.307,0.03630168,0.08374797576,20.6945754972777,119.793860214872,0.172751553878957
"159","19",12952882,3.733,0.00213415961779259,0.00796681785321974,1.96864356469929,119.793860214872,0.0164335931838925
"160","19",12952710,0.82,0.00435868265814053,0.00357411977967523,0.88318423156599,119.793860214872,0.00737253336675052
"161","19",12952954,3.683,0.00345727217914446,0.012733133435789,3.14642579492297,119.793860214872,0.0262653343775657
"162","19",12952690,2.223,0.00397270510314947,0.00883132344430127,2.18226754856399,119.793860214872,0.0182168563952251
"163","19",12953612,0.287,0.00217791136155731,0.000625060560766948,0.154455828308397,119.793860214872,0.00128934678314358
"164","19",12952714,1.572,0.00122394799516913,0.00192404624840587,0.475442182172802,119.793860214872,0.00396883597640155
"165","19",12953304,2.842,0.0439565142857143,0.1249244136,30.86949487719,119.793860214872,0.257688456001167
"166","19",12952748,1.181,0.042291,0.049945671,12.3418440850885,119.793860214872,0.10302568147442
"167","19",12952656,0.624,0.00263924037211813,0.00164688599220171,0.406954391335935,119.793860214872,0.00339712227827027
"168","19",12952910,0.707,0.00213662715874045,0.0015105954012295,0.373276252863361,119.793860214872,0.0031159881833161
"169","19",12952942,0.961,0.00259253483337205,0.00249142597487054,0.615644765917589,119.793860214872,0.0051392013314649
"170","19",12952860,2.162,0.00341506163527488,0.00738336325546429,1.82446879375216,119.793860214872,0.0152300693080567
"171","19",12952956,1.226,0.0020940559781615,0.002567312629226,0.634396766590362,119.793860214872,0.00529573690548461
"172","19",12952688,1.262,0.00228167783836414,0.00287947743201554,0.711534369264295,119.793860214872,0.00593965640633026
"173","19",12952654,1.668,0.00274735991156197,0.00458259633248537,1.13238421484883,119.793860214872,0.00945277339604629
"174","19",12953608,0.459,0.00498287293900017,0.00228713867900108,0.56516427574287,119.793860214872,0.00471780669501046
"175","19",12952884,0.638,0.00225925977484154,0.0014414077363489,0.356179608540219,119.793860214872,0.00297327098318183
"176","19",12952924,1.978,0.00496973317047524,0.00983013221120002,2.42907856992125,119.793860214872,0.0202771541510079
"177","19",12952716,1.439,0.00463720449284706,0.00667293726520692,1.64891870842542,119.793860214872,0.0137646345603004
"178","19",12952934,0.704,0.00437961989576486,0.00308325240661846,0.761888262097011,119.793860214872,0.0063599942495419
"179","19",12952742,0.684,0.0438912,0.0300215808,7.41849417583133,119.793860214872,0.0619271652363896
"180","19",12952912,3.249,0.00252560673721088,0.00820569628919815,2.02767171174601,119.793860214872,0.0169263408667942
"181","19",12952764,1.973,0.00505226799844076,0.00996812476092362,2.46317727156033,119.793860214872,0.0205617989698485
"182","19",12952712,2.462,0.00186038884379037,0.00458027733341189,1.13181117769816,119.793860214872,0.00944798986916399
"183","2",12953302,16.352,0.0141885327383367,0.232010887337282,57.3311388200145,62.6721653708807,0.914778330710945
"184","2",12952868,1.433,0.0110135600887263,0.0157824316071448,3.89992378276296,62.6721653708807,0.0622273661630172
"185","2",12953328,2.292,0.00254447469129012,0.00583193599243695,1.44110276810323,62.6721653708807,0.0229943031260382
"186","20",12950946,1.515,0.00180395300218247,0.00273298879830644,0.675336239551003,496.8241312955,0.00135930643664595
"187","20",12951054,2.89,0.0024518120477544,0.00708573681801022,1.75092369939035,496.8241312955,0.00352423239753816
"188","20",12950954,1.571,0.0020761270498591,0.00326159559532865,0.805957823775311,496.8241312955,0.00162221956021686
"189","20",12951624,2.008,0.0018071610239111,0.00362877933601349,0.89669090208578,496.8241312955,0.00180484571018643
"190","20",12951232,1.72,0.00148944260102707,0.00256184127376656,0.633044765212415,496.8241312955,0.00127418280501334
"191","20",12951630,2.365,0.0325109234742805,0.0768883340166734,18.9995211075649,496.8241312955,0.038241945007829
"192","20",12951636,0.061,0.0327843406839464,0.00199984478172073,0.494172407662221,496.8241312955,0.000994662651296015
"193","20",12951640,0.21,0.00189061721829727,0.000397029615842427,0.098108154676505,496.8241312955,0.00019747059069108
"194","20",12950980,3.391,0.00281108538358016,0.00953239053572032,2.35550499962317,496.8241312955,0.00474112437630806
"195","20",12952746,1.635,0.00414964510987161,0.00678466975464008,1.67652840784908,496.8241312955,0.0033744906944786
"196","20",12951158,3.009,0.00158041527728916,0.00475546956936308,1.17510212199296,496.8241312955,0.00236522754828516
"197","20",12952752,0.59,0.00312363628301914,0.00184294540698129,0.455401727815273,496.8241312955,0.000916625620876716
"198","20",12950994,3.657,0.00250651569305474,0.00916632788950118,2.26504894978831,496.8241312955,0.00455905582501005
"199","20",12951080,4.969,0.00326046706151387,0.0162012608286624,4.00341873731567,496.8241312955,0.0080580199010795
"200","20",12951082,0.477,0.00540663024546713,0.00257896262708782,0.637275543756099,496.8241312955,0.00128269845124947
"201","20",12952850,0.25,0.0315900153891994,0.00789750384729985,1.95151570082544,496.8241312955,0.00392798090490641
"202","20",12952762,1.373,0.00469892222714975,0.00645162021787661,1.59423007501968,496.8241312955,0.00320884187099089
"203","20",12952940,1.648,0.00155237040046912,0.00255830641997311,0.632171283817354,496.8241312955,0.00127242467504332
"204","20",12952766,6.401,0.0076865520806975,0.0492016198685447,12.1579850464192,496.8241312955,0.0244714060380209
"205","20",12952768,5.105,0.00271206732661536,0.0138451037023714,3.42119963182695,496.8241312955,0.00688613820529603
"206","20",12952588,1.667,0.0013235829738162,0.00220641281735161,0.545216480905712,496.8241312955,0.00109740337991238
"207","20",12952590,1.042,0.00636206838102903,0.00662927525303225,1.63812959025137,496.8241312955,0.00329720214269756
"208","20",12951014,0.626,0.00150235954747278,0.00094047707671796,0.232396946803516,496.8241312955,0.000467765014146005
"209","20",12951016,2.025,0.00309069823758158,0.0062586639311027,1.54654953816992,496.8241312955,0.00311287121689761
"210","20",12952596,1.611,0.00181990492577926,0.00293186683543039,0.724480072779957,496.8241312955,0.00145822239127321
"211","20",12951104,2.896,0.0019936469905648,0.00577360168467566,1.42668804673125,496.8241312955,0.00287161584323827
"212","20",12951106,3.646,0.00216589653090065,0.00789685875166377,1.9513562942222,496.8241312955,0.00392766005373756
"213","20",12952786,4.67,0.00248719445895539,0.0116151981233217,2.8701779630801,496.8241312955,0.00577705023223397
"214","20",12952700,2.712,0.0027622703660979,0.0074912772328575,1.85113491830155,496.8241312955,0.00372593600370134
"215","20",12952612,1.94,0.00191426654728334,0.00371367710172968,0.91766959686879,496.8241312955,0.00184707130564675
"216","20",12952792,1.109,0.0314873398498794,0.0349194598935163,8.62878645761472,496.8241312955,0.0173678891866919
"217","20",12952794,2.234,0.0321870021614749,0.0719057628287349,17.7683009534821,496.8241312955,0.0357637639442958
"218","20",12952796,2.79,0.00269671977237055,0.00752384816491383,1.85918337089207,496.8241312955,0.00374213580577121
"219","20",12951036,3.339,0.00689441622971372,0.0230204557910141,5.68847850978656,496.8241312955,0.0114496823955662
"220","20",12951038,1.731,0.00130246399450815,0.00225456517449361,0.557115187485829,496.8241312955,0.00112135291422564
"221","20",12952802,1.769,0.00345727217914446,0.00611591448490655,1.5112753818134,496.8241312955,0.00304187193539221
"222","20",12951042,1.588,0.00346654348679328,0.00550487105702773,1.36028326247439,496.8241312955,0.0027379573108242
"223","20",12952806,0.702,0.0322298309714162,0.0226253413419342,5.59084360312347,496.8241312955,0.0112531643512263
"224","20",12951046,3.873,0.00280947952474867,0.0108811141993516,2.68878187501857,496.8241312955,0.00541193896521774
"225","20",12951050,3.095,0.00333916383411808,0.0103347120665955,2.55376296756939,496.8241312955,0.0051401749768279
"226","20",12952902,0.233,0.00247744520052627,0.000577244731722621,0.14264027963223,496.8241312955,0.000287104169558524
"227","20",12951136,6.705,0.0033206904865871,0.0222652297125665,5.50185808157781,496.8241312955,0.0110740556567399
"228","20",12952820,0.263,0.0316395748011117,0.00832120817269238,2.05621531978084,496.8241312955,0.00413871869391516
"229","20",12952822,5.284,0.00469820349013386,0.0248253072418673,6.13446701604121,496.8241312955,0.0123473612282986
"230","20",12952824,0.041,0.0321320437701415,0.0013174137945758,0.325540038258759,496.8241312955,0.000655242001651356
"231","20",12952826,0.084,0.0316389560576586,0.00265767230884332,0.656725129691451,496.8241312955,0.00132184627984756
"232","20",12952828,0.341,0.0320412483818325,0.0109260656982049,2.69988963229023,496.8241312955,0.00543429648888048
"233","20",12952830,1.902,0.0315897964752085,0.0600837928958466,14.8470285635223,496.8241312955,0.0298838716324181
"234","20",12951070,2.597,0.00284605744084524,0.00739121117387509,1.82640805662478,496.8241312955,0.00367616615534013
"235","20",12951072,0.26,0.00179427498262685,0.000466511495482981,0.11527750105014,496.8241312955,0.000232028788033195
"236","20",12952594,3.223,0.00250267009503474,0.00806610571629697,1.99317812998005,496.8241312955,0.00401183840402983
"237","20",12951076,3.253,0.00476432434733093,0.0154983471018675,3.82972497271751,496.8241312955,0.00770841175272881
"238","20",12952842,0.179,0.0316376821144793,0.0056631450984918,1.39939362986672,496.8241312955,0.00281667805913074
"239","20",12952932,1.591,0.00143593044350716,0.00228456533561989,0.564528388745016,496.8241312955,0.00113627409214801
"240","20",12951166,1.711,0.00637279140868184,0.0109038461002546,2.69439905006268,496.8241312955,0.00542324512908999
"241","20",12951168,2.164,0.00155237040046912,0.00335932954661518,0.830108409090263,496.8241312955,0.00167082948834571
"242","20",12952854,2.175,0.0320410699561323,0.0696893271545877,17.2206077707245,496.8241312955,0.0346613754968397
"243","20",12952614,0.106,0.00219928056949942,0.000233123740366939,0.0576061307924248,496.8241312955,0.000115948737518472
"244","20",12951090,2.563,0.00322322265007076,0.00826111965213136,2.04136712298582,496.8241312955,0.00410883247088426
"245","20",12952682,2.856,0.00194033719302027,0.00554160302326589,1.36935992900372,496.8241312955,0.00275622668615758
"246","20",12952684,2.127,0.00171023296780663,0.0036376655225247,0.898886726593422,496.8241312955,0.00180926543211482
"247","20",12952686,1.848,0.00391313743287386,0.00723147797595089,1.78693712381875,496.8241312955,0.00359671966649285
"248","20",12952866,0.787,0.0316057709649851,0.0248737417494433,6.14643544351194,496.8241312955,0.0123714510957524
"249","20",12952626,1.705,0.00702082312766989,0.0119705034326772,2.9579758170857,496.8241312955,0.00595376840769106
"250","20",12951186,2.312,0.00153184259712659,0.00354162008455668,0.875153382006152,496.8241312955,0.00176149531973042
"251","20",12952630,0.557,0.00237018257763594,0.00132019169574322,0.326226472586412,496.8241312955,0.000656623646149708
"252","20",12952696,0.361,0.00343157339907234,0.00123879799706511,0.306113651625536,496.8241312955,0.000616140868253169
"253","20",12952606,0.709,0.00661959876840002,0.00469329552679561,1.15973858148697,496.8241312955,0.00233430404932804
"254","20",12951224,2.132,0.00188463210271465,0.00401803564298763,0.992878230309126,496.8241312955,0.00199845009082014
"255","20",12952640,1.563,0.0016115420289399,0.00251884019123306,0.622418966309474,496.8241312955,0.00125279535977143
"256","20",12951228,5.577,0.00652047433967732,0.0363646853923804,8.98590945581762,496.8241312955,0.0180867008862599
"257","20",12952616,2.122,0.00214154891391692,0.0045443667953317,1.12293749048716,496.8241312955,0.00226023137716566
"258","20",12952618,1.626,0.00171719490992589,0.0027921589235395,0.689957495918177,496.8241312955,0.00138873587746044
"259","20",12952620,0.552,0.00197705476796887,0.00109133423191882,0.269674561686475,496.8241312955,0.000542796826279919
"260","20",12952622,2.853,0.00281429280383844,0.00802917736935107,1.98405293672103,496.8241312955,0.00399347135483836
"261","20",12952624,1.084,0.00329955779049614,0.00357672064489782,0.883826919358961,496.8241312955,0.00177895328283336
"262","20",12951156,0.441,0.00294863141874612,0.00130034645566704,0.32132260696708,496.8241312955,0.00064675322055958
"263","20",12952628,1.527,0.00223878173895171,0.00341861971537926,0.844759328859965,496.8241312955,0.00170031863520237
"264","20",12952928,1.728,0.00134418762300013,0.00232275621254422,0.573965559955969,496.8241312955,0.00115526908578156
"265","20",12952632,0.126,0.00716721912119178,0.000903069609270164,0.223153360290108,496.8241312955,0.000449159664825905
"266","20",12952810,0.783,0.0316411761668759,0.0247750409386638,6.12204594201317,496.8241312955,0.012322360280789
"267","20",12952846,0.667,0.0320258623758817,0.0213612502047131,5.27847988045119,496.8241312955,0.0106244434357229
"268","20",12952848,0.531,0.0319929811195507,0.0169882729744814,4.19789367382757,496.8241312955,0.00844945607388534
"269","20",12952676,1.967,0.00157248217163047,0.00309307243159713,0.764314843115383,496.8241312955,0.00153840120672558
"270","20",12951198,5.17,0.00727474637511322,0.0376104387593353,9.29374181677302,496.8241312955,0.0187063011463212
"271","20",12952646,1.468,0.00125287601693643,0.00183922199286268,0.454481652149132,496.8241312955,0.000914773706671702
"272","20",12951450,5.378,0.00640257816915022,0.0344330653936899,8.50859575919159,496.8241312955,0.0171259711902578
"273","20",12952740,2.741,0.00255941297782458,0.00701535097221717,1.73353097811577,496.8241312955,0.00348922459461759
"274","20",12951154,3.146,0.00591956616999498,0.0186229551708042,4.60183244152749,496.8241312955,0.00926249783706748
"275","20",12951182,1.809,0.00146306921009539,0.00264669220106256,0.654011885969736,496.8241312955,0.00131638510445207
"276","20",12952952,0.945,0.00143132869655468,0.00135260561824417,0.334236127270857,496.8241312955,0.00067274535638862
"277","20",12951536,1.39,0.0329877172870929,0.0458529270290591,11.3305050249018,496.8241312955,0.0228058669279142
"278","20",12951464,2.88,0.00479372011393211,0.0138059139281245,3.41151562771205,496.8241312955,0.00686664639017495
"279","20",12952754,2.082,0.00158041527728916,0.00329042460731603,0.813081627779776,496.8241312955,0.00163655824377857
"280","20",12952698,5.381,0.00254259773989577,0.0136817184383791,3.38082625384203,496.8241312955,0.00680487528861836
"281","20",12952604,0.809,0.00300729825270342,0.00243290428643707,0.601183741773133,496.8241312955,0.0012100534251537
"282","20",12952814,0.442,0.0322716182096607,0.01426405524867,3.52472481349133,496.8241312955,0.00709451210491808
"283","20",12952904,2.514,0.00170322641304153,0.00428191120238641,1.05808330107422,496.8241312955,0.00212969385829791
"284","20",12951476,2.563,0.00272728022231849,0.00699001920980229,1.72727136330101,496.8241312955,0.00347662533781731
"285","20",12952680,0.421,0.00191719072348925,0.000807137294588974,0.199447969075784,496.8241312955,0.000401445816562314
"286","20",12952944,2.398,0.00225019440571663,0.00539596618490848,1.33337228250573,496.8241312955,0.00268379130262631
"287","20",12952862,0.754,0.0315975299974291,0.0238245376180615,5.88717145638993,496.8241312955,0.0118496085144632
"288","20",12951524,4.901,0.0324973848797262,0.159269683295538,39.3563958468986,496.8241312955,0.0792159506106805
"289","20",12951528,3.186,0.0328227615066454,0.104573318160172,25.8406296752566,496.8241312955,0.0520116235253621
"290","20",12952892,3.311,0.00318529263740024,0.0105465039224322,2.60609787489756,496.8241312955,0.00524551387651401
"291","20",12951538,0.624,0.0330026803654401,0.0205936725480346,5.08880731079199,496.8241312955,0.0102426733933447
"292","20",12952598,0.084,0.00190545181922557,0.000160057952814948,0.0395511814871913,496.8241312955,7.96080121632963e-05
"293","20",12952900,3.115,0.0030989841361823,0.00965333558420787,2.38539117196625,496.8241312955,0.00480127880613647
"294","20",12951202,3.012,0.00266036697407275,0.00801302532590712,1.98006167986434,496.8241312955,0.00398543781418427
"295","20",12951468,3.199,0.00359137469174926,0.0114888076389059,2.83894619421472,496.8241312955,0.00571418740634034
"296","20",12952674,2.122,0.00179103076805443,0.0038005672898115,0.939140629940502,496.8241312955,0.00189028787207182
"297","20",12951200,0.908,0.00695865199960505,0.00631845601564139,1.56132448402857,496.8241312955,0.00314261000156599
"298","20",12952744,1.098,0.00255941297782458,0.00281023544965139,0.694424302798658,496.8241312955,0.00139772659791686
"299","20",12951204,0.614,0.00685438606588269,0.00420859304445197,1.03996598968936,496.8241312955,0.00209322761150427
"300","20",12951522,0.41,0.0327477117516074,0.013426561818159,3.31777567986867,496.8241312955,0.00667796805927554
"301","20",12952916,1.671,0.00134926221807811,0.00225461716640852,0.557128034967797,496.8241312955,0.00112137877344052
"302","20",12952930,2.02,0.00268468764927836,0.00542306905154229,1.34006954670414,496.8241312955,0.00269727145340107
"303","20",12952832,0.53,0.0320292190102768,0.0169754860754467,4.19473396226381,496.8241312955,0.0084430962548574
"304","20",12952926,2.569,0.00160384876271065,0.00412028747140366,1.01814520737558,496.8241312955,0.00204930707516301
"305","20",12952808,1.089,0.00791676708708891,0.00862135935783982,2.13038429288453,496.8241312955,0.00428800486669079
"306","20",12952726,2.87,0.0019083971398272,0.00547709979130406,1.35342083326392,496.8241312955,0.00272414471844351
"307","20",12951506,2.875,0.0323009564204078,0.0928652497086724,22.9475029543051,496.8241312955,0.0461883823848653
"308","20",12952738,0.437,0.00211174796590462,0.000922833861100319,0.228037213278011,496.8241312955,0.000458989809298092
"309","20",12952638,0.729,0.00734102062915987,0.00535160403865755,1.3224101574337,496.8241312955,0.00266172690522385
"310","20",12952798,0.154,0.0314228410076667,0.00483911751518067,1.19577197955316,496.8241312955,0.00240683152091488
"311","20",12952864,0.799,0.0316375729156162,0.0252784207595773,6.24643380468287,496.8241312955,0.012572726265117
"312","20",12952948,1.676,0.00218030191856183,0.00365418601550963,0.902969029314487,496.8241312955,0.00181748222848987
"313","20",12952648,1.244,0.00366461026949702,0.00455877517525429,1.12649787870426,496.8241312955,0.00226739767202298
"314","20",12952840,2.364,0.0321607298706292,0.0760279654141674,18.7869193958403,496.8241312955,0.0378140235395818
"315","20",12952898,0.178,0.00267777411447669,0.000476643792376851,0.117781246139238,496.8241312955,0.000237068287790523
"316","20",12952800,0.531,0.0314490548397883,0.0166994481199276,4.12652349796584,496.8241312955,0.00830580327732004
"317","20",12952894,1.862,0.00304590782262335,0.00567148036572468,1.40145331925594,496.8241312955,0.00282082377037838
"318","20",12951514,3.494,0.0323816680619344,0.113141548208399,27.9578854298221,496.8241312955,0.0562732034712568
"319","20",12952718,3.727,0.00229054929143434,0.00853687720917578,2.10950829931173,496.8241312955,0.00424598598665298
"320","20",12951510,0.789,0.0324087124557182,0.0255704741275617,6.31860176358741,496.8241312955,0.0127179848271686
"321","20",12952922,1.64,0.00163428408007453,0.00268022589132223,0.662298241293353,496.8241312955,0.00133306375349838
"322","20",12952914,0.954,0.00260161873397075,0.0024819442722081,0.613301786164227,496.8241312955,0.00123444443925259
"323","20",12951516,0.824,0.0324186654426815,0.0267129803247696,6.60092119327706,496.8241312955,0.0132862330500428
"324","20",12952708,0.562,0.0039866835464535,0.00224051615310687,0.553643598696818,496.8241312955,0.00111436535349674
"325","20",12952888,3.88,0.00338406117016386,0.0131301573402358,3.24453253828286,496.8241312955,0.00653054538599513
"326","21",12951254,0.066,0.00194890669951913,0.000128627842168263,0.0317846320062869,244.815352281473,0.000129831040864394
"327","21",12953822,0.028,0.0343387304461665,0.000961484452492662,0.237587982407948,244.815352281473,0.000970478281667501
"328","21",12954026,3.213,0.0342457346481152,0.110031545424394,27.1893870055167,244.815352281473,0.111060792356911
"329","21",12951594,0.273,0.0337482111185888,0.00921326163537474,2.27664653096608,244.815352281473,0.00929944347750109
"330","21",12953820,9.931,0.00825615726994997,0.0819918978478732,20.2606391949156,244.815352281473,0.0827588588955041
"331","21",12951626,1.492,0.00436755988219948,0.00651639934424162,1.61023734575121,244.815352281473,0.0065773544458922
"332","21",12951338,1.748,0.00191133536754472,0.00334101422246817,0.825582593930222,244.815352281473,0.00337226642952122
"333","21",12951252,1.658,0.00116263877131845,0.00192765508284599,0.476333944583779,244.815352281473,0.00194568657620834
"334","21",12951372,0.622,0.00256127069489898,0.00159311037222717,0.393666146248492,244.815352281473,0.00160801249831701
"335","21",12953860,0.69,0.0039586493018841,0.00273146801830003,0.674960446627391,244.815352281473,0.00275701846447671
"336","21",12953850,0.779,0.00722478064956276,0.00562810412600939,1.39073481699448,244.815352281473,0.00568075001846902
"337","21",12951284,4.835,0.00500182988761294,0.0241838475066086,5.97595886346427,244.815352281473,0.0244100658221527
"338","21",12953852,6.358,0.0051626546264407,0.03282415811491,8.11102611232338,244.815352281473,0.033131198826934
"339","21",12951364,1.003,0.00218982340325965,0.00219639287346943,0.542740498850427,244.815352281473,0.00221693816908352
"340","21",12951306,1.271,0.00272896236644979,0.00346851116775768,0.857087775231886,244.815352281473,0.0035009559949756
"341","21",12953864,4.493,0.00321543240530397,0.0144469377970307,3.56991607536769,244.815352281473,0.014582076009936
"342","21",12953950,1.555,0.00305297420585685,0.0047473748901074,1.17310188318763,244.815352281473,0.00479178234639008
"343","21",12953790,3.622,0.00376120988253875,0.0136231021945554,3.36634186455178,244.815352281473,0.0137505341604614
"344","21",12951314,1.009,0.00329705764150687,0.00332673116028043,0.822053172399802,244.815352281473,0.00335784976203068
"345","21",12953848,2.285,0.0037387099862292,0.00854295231853372,2.11100949152708,244.815352281473,0.00862286401508014
"346","21",12951356,2.333,0.00236808506869461,0.00552474246526453,1.36519359438704,244.815352281473,0.00557642150161166
"347","21",12951304,2.378,0.00428080912679356,0.0101797641035151,2.51547449204485,244.815352281473,0.0102749867138754
"348","21",12951274,1.775,0.00167112387807955,0.0029662448835912,0.732975073484831,244.815352281473,0.00299399145786455
"349","21",12951278,1.644,0.0017206593838991,0.00282876402713012,0.699002814004583,244.815352281473,0.00285522459065767
"350","21",12951334,0.617,0.00208384042737878,0.00128572954369271,0.317710689357791,244.815352281473,0.00129775639639016
"351","21",12951256,2.785,0.00177796103409282,0.0049516214799485,1.22357231468368,244.815352281473,0.00499793948084146
"352","21",12953818,2.086,0.00267777411447669,0.00558583680279837,1.38029033396882,244.815352281473,0.00563808732216211
"353","21",12953952,1.834,0.00209659771790527,0.00384516021463827,0.950159781640556,244.815352281473,0.00388112825762709
"354","21",12951264,0.399,0.00444621637385142,0.00177404033316672,0.438374913265299,244.815352281473,0.00179063489760758
"355","21",12951570,1.921,0.0335814760228401,0.0645100154398758,15.9407719737232,244.815352281473,0.0651134490756755
"356","21",12954014,3.902,0.03385628797052,0.132107235660969,32.6444088625765,244.815352281473,0.133342980978758
"357","21",12953846,0.934,0.00727256932486562,0.00679257974942449,1.67848301012768,244.815352281473,0.00685611827234539
"358","21",12953968,2.15,0.00344912776454545,0.00741562469377272,1.83244076877204,244.815352281473,0.00748499124624021
"359","21",12953854,0.282,0.00515893087393932,0.00145481850645089,0.359493482002039,244.815352281473,0.00146842703552642
"360","21",12951328,0.95,0.00248524939074816,0.00236098692121075,0.583412573804771,244.815352281473,0.0023830718472835
"361","21",12951358,1.048,0.00137419893185579,0.00144016048058487,0.35587140492886,244.815352281473,0.00145363189690695
"362","21",12951330,2.132,0.00130246399450815,0.00277685323629138,0.686175378232113,244.815352281473,0.0028028282206877
"363","21",12951374,0.938,0.00239099992478836,0.00224275792945148,0.554197553695618,244.815352281473,0.00226373692879537
"364","21",12951598,1.352,0.0338427628304435,0.0457554153467596,11.3064093634496,244.815352281473,0.0461834164323577
"365","21",12953948,1.512,0.00194320026487326,0.00293811880048837,0.726024966990529,244.815352281473,0.00296560228034961
"366","21",12951380,0.951,0.00157645652972588,0.00149921015976931,0.370462898429246,244.815352281473,0.00151323393315347
"367","21",12951348,0.659,0.00158828658133826,0.00104668085710191,0.258640472468548,244.815352281473,0.00105647162262594
"368","21",12951644,5.172,0.0337334328677774,0.174469314792145,43.1123065860279,244.815352281473,0.176101319562917
"369","21",12951648,0.335,0.00195741767002234,0.000655734919457484,0.162035627413883,244.815352281473,0.000661868734553805
"370","21",12951578,1.286,0.0335847252910957,0.0431899567243491,10.6724707319206,244.815352281473,0.0435939602335482
"371","21",12953982,1.558,0.0031044888739557,0.00483679366562298,1.19519774382174,244.815352281473,0.00488203755476729
"372","21",12951586,1.694,0.0336013617969838,0.0569207068840906,14.0654129879739,244.815352281473,0.0574531493098619
"373","21",12953954,1.051,0.00107446266109988,0.00112926025681597,0.27904628653622,244.815352281473,0.00113982347894339
"374","21",12951270,3.154,0.002421704560458,0.00763805618368453,1.88740478693701,244.815352281473,0.0077095033842771
"375","21",12953792,0.843,0.00174461109913937,0.00147070715657449,0.363419652951829,244.815352281473,0.00148446430979538
"376","21",12953798,1.517,0.00471897746039235,0.0071586888074152,1.76895052856106,244.815352281473,0.00722565195391518
"377","21",12951650,0.244,0.00376629422238727,0.000918975790262494,0.227083863211903,244.815352281473,0.000927571988830246
"378","21",12953960,0.934,0.00129170074092522,0.00120644849202416,0.298119914842115,244.815352281473,0.00121773374122125
"379","21",12953984,3.898,0.00581135793620916,0.0226526732353433,5.59759746107056,244.815352281473,0.02286456878176
"380","21",12951376,2.6,0.00176140952434978,0.00457966476330943,1.13165980832931,244.815352281473,0.00462250344099418
"381","21",12953956,1.29,0.00308237744722813,0.00397626690692429,0.982556950850792,244.815352281473,0.00401346133604036
"382","21",12951318,2.624,0.0023146728567667,0.00607370157615582,1.50084434489371,244.815352281473,0.00613051563518015
"383","21",12953806,0.658,0.00325664503403024,0.0021428724323919,0.529515309841673,244.815352281473,0.00216291709203298
"384","21",12953840,1.208,0.00745514906315089,0.00900582006828628,2.22538660339853,244.815352281473,0.00909006147964089
"385","22",12953976,1.156,0.00120606515723061,0.00139421132175858,0.344517120508996,0.961555297200025,0.358291531971384
"386","22",12953844,0.05,0.0344015951042571,0.00172007975521286,0.425040964065821,0.961555297200025,0.442034863001127
"387","22",12953838,0.536,0.00144959916603586,0.000776985152995221,0.191997212625208,0.961555297200025,0.199673605027489
"388","23",12953826,1.029,0.00243381749437654,0.00250439820171346,0.618850272980087,2.29945580353234,0.269129013929919
"389","23",12953842,0.976,0.00176473927172349,0.00172238552920213,0.425610733227017,2.29945580353234,0.185091938959301
"390","23",12953812,0.053,0.0345837682312632,0.00183293971625695,0.452929267791991,2.29945580353234,0.196972373679119
"391","23",12953824,1.154,0.00281268980881911,0.00324584403937725,0.802065529533241,2.29945580353234,0.348806673431661
"392","24",12953872,1.79,0.00119390899393052,0.00213709709913563,0.528088193914283,210.370769974269,0.00251027361823544
"393","24",12953882,3.07,0.00527966464663638,0.0162085704651737,4.00522498783417,210.370769974269,0.0190388854322493
"394","24",12953898,2.284,0.0018071610239111,0.00412755577861295,1.01994124520116,210.370769974269,0.00484830304764255
"395","24",12953874,0.903,0.00330952888240125,0.00298850458080833,0.738475564457013,210.370769974269,0.00351035252923845
"396","24",12953878,0.667,0.00431057824955796,0.00287515569245516,0.710466444161624,210.370769974269,0.00337721083707838
"397","24",12953880,3.383,0.00374589198298005,0.0126723525784215,3.13140651797726,210.370769974269,0.0148851787649029
"398","24",12953870,1.791,0.00299861238381685,0.00537051477941598,1.32708310324264,210.370769974269,0.00630830558544305
"399","24",12954040,8.373,0.0347877470073897,0.291277805692874,71.9763132886565,210.370769974269,0.342140275939762
"400","24",12954048,1.514,0.0371111664141919,0.0561863059510865,13.8839385652741,210.370769974269,0.0659974699287943
"401","24",12953868,2.173,0.00168550978876548,0.00366261277098739,0.90505132594135,210.370769974269,0.00430217242657833
"402","24",12954076,1.353,0.0370095061016341,0.0500738617555109,12.3735207106296,210.370769974269,0.0588176803846993
"403","24",12954078,0.677,0.0371083302750683,0.0251223395962212,6.20786530927192,210.370769974269,0.0295091628462986
"404","24",12953884,1.101,0.00440199398797604,0.00484659538076162,1.1976198003801,210.370769974269,0.00569290020912405
"405","24",12954072,4.47,0.0173952046576078,0.0777565648195069,19.2140656113006,210.370769974269,0.0913342933224552
"406","24",12953894,0.983,0.0371266457584629,0.036495492780569,9.01823266537469,210.370769974269,0.0428682780715103
"407","24",12953986,6.645,0.0348207631071329,0.231383970846898,57.1762243815102,210.370769974269,0.271787874277894
"408","24",12953988,2.136,0.00237018257763594,0.00506270998583037,1.25102288230624,210.370769974269,0.00594675240509534
"409","24",12953886,1.983,0.00321673282931628,0.00637878120053418,1.57623116185358,210.370769974269,0.00749263389607966
"410","24",12954024,0.481,0.0347474216232819,0.0167135098007986,4.12999821498154,210.370769974269,0.0196319964769188
"411","25",12951086,2.073,0.00434165624858784,0.00900025340332259,2.22401105052918,173.283039490457,0.0128345570176339
"412","25",12951490,4.925,0.00454176481767081,0.0223681917270287,5.52730054943813,173.283039490457,0.0318975276847133
"413","25",12951280,4.853,0.00533373147329654,0.0258845988399081,6.39622367046004,173.283039490457,0.0369120006739741
"414","25",12951342,1.532,0.00272053536039862,0.00416786017213069,1.02990067773616,173.283039490457,0.00594345921426935
"415","25",12951366,2.125,0.00404457293378021,0.00859471748428295,2.12380094255625,173.283039490457,0.0122562539807781
"416","25",12951028,1.872,0.00194890669951913,0.00364835334149981,0.901527744178318,173.283039490457,0.0052026311797697
"417","25",12951362,2.194,0.00189061721829727,0.00414801417694421,1.02499662552501,173.283039490457,0.00591515839368373
"418","25",12951244,0.795,0.00684521901990607,0.00544194912082533,1.34473491342645,173.283039490457,0.00776033775365823
"419","25",12951258,1.143,0.0144992736583523,0.0165726697914967,4.09519589075715,173.283039490457,0.02363298741065
"420","25",12951502,1.337,0.0167505310423766,0.0223954600036575,5.53403868733643,173.283039490457,0.0319364128399952
"421","25",12951030,0.029,0.00318661234886104,9.24117581169702e-05,0.0228354427415453,173.283039490457,0.000131781176096019
"422","25",12951498,2.684,0.00300296023027776,0.00805994525806551,1.99165584759875,173.283039490457,0.0114936571603041
"423","25",12951084,2.579,0.00188463210271465,0.00486046619290108,1.20104735270508,173.283039490457,0.00693113045706486
"424","25",12951026,3.554,0.00229496493238624,0.0081563053697007,2.01546694974258,173.283039490457,0.0116310687743538
"425","25",12951298,0.326,0.0158543272412773,0.0051685106806564,1.27716680336072,173.283039490457,0.00737040859345643
"426","25",12951032,2.823,0.0025575531492793,0.00721997254041546,1.78409406878182,173.283039490457,0.0102958378040228
"427","25",12951482,1.21,0.00147634802074355,0.0017863811050997,0.441424384421397,173.283039490457,0.00254741829159631
"428","25",12951332,6.397,0.00497170759972249,0.0318040135154248,7.85894289191592,173.283039490457,0.0453532146886695
"429","25",12951160,2.194,0.00613901255911009,0.0134689935546875,3.32826079030986,173.283039490457,0.0192070776233882
"430","25",12951390,1.185,0.00377238129424211,0.0044702718336769,1.10462822672266,173.283039490457,0.00637470481802973
"431","25",12951302,4.196,0.00308098722926682,0.0129278224140036,3.19453448915212,173.283039490457,0.0184353558117732
"432","25",12951500,3.322,0.00263746785297469,0.00876166820758192,2.16505536472327,173.283039490457,0.0124943293416924
"433","25",12951178,2.555,0.0018071610239111,0.00461729641609286,1.1409587922456,173.283039490457,0.00658436506885276
"434","25",12951398,0.861,0.00481523745834488,0.00414591945163494,1.02447900762839,173.283039490457,0.00591217126985362
"435","25",12951062,2.511,0.00214645304007251,0.00538974358362207,1.33183464424114,173.283039490457,0.00768589152266389
"436","25",12951064,2.799,0.00382549617992508,0.0107075638076103,2.64589663926356,173.283039490457,0.0152692187708842
"437","25",12951488,2.917,0.00184187685241013,0.00537275477848035,1.32763661906592,173.283039490457,0.00766166511719708
"438","25",12951384,0.46,0.0166821095260048,0.00767377038196221,1.89622995752621,173.283039490457,0.0109429633915824
"439","25",12951276,0.639,0.00582011016563531,0.00371905039584096,0.918997366759894,173.283039490457,0.00530344671620619
"440","25",12951296,0.408,0.00243983875442397,0.00099545421180498,0.245982092741166,173.283039490457,0.00141953934709641
"441","25",12953814,2.044,0.00370247183901396,0.00756785243894453,1.87005706381261,173.283039490457,0.0107919221021951
"442","25",12953830,4.12,0.00349983127830489,0.0144193048666161,3.56308782955654,173.283039490457,0.0205622422138593
"443","25",12951486,1.265,0.00293967267743859,0.00371868593695982,0.918907307009039,173.283039490457,0.00530292698991838
"444","25",12951248,0.625,0.00205795261727017,0.00128622038579386,0.317831979082435,173.283039490457,0.00183417823242844
"445","25",12951116,1.882,0.00142670369163254,0.00268505634765244,0.66349187304749,173.283039490457,0.00382894872457514
"446","25",12951242,4.235,0.00228833646961768,0.00969110494883088,2.39472418521919,173.283039490457,0.0138197263405635
"447","25",12951642,0.615,0.0023146728567667,0.00142352380691152,0.351760393334463,173.283039490457,0.00202997589590315
"448","25",12951368,2.702,0.00189359869343339,0.00511650366965702,1.26431559106875,173.283039490457,0.00729624546514475
"449","25",12951324,1.915,0.0162091172696736,0.031040459571425,7.67026460331309,173.283039490457,0.044264370164949
"450","25",12951388,0.451,0.00569724532134369,0.002569457639926,0.634926810277638,173.283039490457,0.00366410245425434
"451","25",12951294,2.143,0.00702657173980573,0.0150579432384037,3.72089880803666,173.283039490457,0.0214729544159547
"452","25",12951300,0.066,0.0158791802678812,0.00104802589768016,0.258972839233724,173.283039490457,0.00149450771405695
"453","25",12951492,1.201,0.00110277534761835,0.00132443319248964,0.327274569257928,173.283039490457,0.00188867052551874
"454","25",12951394,3.102,0.00343978287505989,0.0106702064784358,2.63666544218729,173.283039490457,0.0152159464073372
"455","25",12951162,0.791,0.00280465331277591,0.00221848077040574,0.548198537048683,173.283039490457,0.00316360180812082
"456","25",12951122,2.636,0.00567645037675537,0.0149631231931272,3.69746826457788,173.283039490457,0.0213377389700132
"457","25",12951396,1.383,0.00270526300286517,0.00374137873296253,0.924514819021846,173.283039490457,0.00533528741035708
"458","25",12951096,3.253,0.00357490212413941,0.0116291566098255,2.87362718021234,173.283039490457,0.0165834301421668
"459","25",12951212,0.664,0.0111452543563154,0.00740044889259343,1.82869074663256,173.283039490457,0.0105532010057641
"460","25",12951124,2.208,0.00582216652425071,0.0128553436855456,3.17662460530825,173.283039490457,0.0183319995693127
"461","25",12951352,2.269,0.0041118418217162,0.00932976909347406,2.30543615084348,173.283039490457,0.0133044535554239
"462","25",12951386,3.092,0.0162589361120951,0.050272630458598,12.4226375268297,173.283039490457,0.0716898639552881
"463","25",12951246,1.736,0.00157645652972588,0.00273672853560413,0.676260348762535,173.283039490457,0.00390263438794179
"464","25",12951240,2.054,0.0144381408329479,0.029655941270875,7.32814268050742,173.283039490457,0.0422900169690928
"465","25",12951382,4.211,0.00397457334058582,0.0167369283372069,4.13578506135412,173.283039490457,0.0238672236677951
"466","25",12951098,0.823,0.0045674207852532,0.00375898730626338,0.928865992244446,173.283039490457,0.0053603976186925
"467","25",12951208,1.693,0.00617995552274358,0.0104626647000049,2.58538075185775,173.283039490457,0.0149199873193598
"468","25",12951326,1.885,0.001920107940156,0.00361940346719406,0.894374074444569,173.283039490457,0.00516134802964269
"469","25",12951176,1.483,0.00270185078040452,0.0040068447073399,0.99011288988692,173.283039490457,0.00571384766101961
"470","25",12951126,2.539,0.00227275210248574,0.00577051758821129,1.42592594989794,173.283039490457,0.00822888353119212
"471","25",12953962,4.896,0.00313043033694108,0.0153265869296635,3.78728210984418,173.283039490457,0.0218560461599748
"472","25",12951238,1.52,0.00637412980402541,0.00968867730211862,2.39412430065229,173.283039490457,0.0138162644635751
"473","25",12951320,1.292,0.00130246399450815,0.00168278348090453,0.415824853975558,173.283039490457,0.00239968582729331
"474","25",12951174,2.199,0.0109738159417978,0.0241314212560134,5.96300405481205,173.283039490457,0.0344119313254568
"475","25",12951316,2.813,0.0020761270498591,0.00584014539125365,1.44313135472944,173.283039490457,0.00832817429203112
"476","25",12953808,1.784,0.00243381749437654,0.00434193040996775,1.07291437025897,173.283039490457,0.00619168715769237
"477","25",12951180,0.232,0.0110918198383035,0.00257330220248641,0.635876822375702,173.283039490457,0.00366958488404584
"478","25",12953958,0.704,0.00402542102463755,0.00283389640134484,0.700271051292743,173.283039490457,0.0040411978769065
"479","25",12951236,2.257,0.00330952888240125,0.00746960668757962,1.84578000994405,173.283039490457,0.0106518215248971
"480","25",12953802,0.672,0.0167580081380415,0.0112613814687639,2.78274796368617,173.283039490457,0.0160589747956228
"481","25",12953804,1.48,0.00135430713502723,0.0020043745598403,0.495291740212419,173.283039490457,0.00285828169720958
"482","25",12951378,1.702,0.00243180522157084,0.00413893248711357,1.02275249109504,173.283039490457,0.00590220770655032
"483","25",12951290,2.589,0.0150552836270301,0.0389781293103809,9.63170551211818,173.283039490457,0.0555836597767469
"484","25",12953796,0.1,0.00474951950180019,0.000474951950180019,0.117363182827808,173.283039490457,0.000677291806358641
"485","25",12951146,0.282,0.00747500755285747,0.00210795212990581,0.520886315174898,173.283039490457,0.0030059855638877
"486","26",12951172,0.174,0.00175806990231365,0.000305904163002575,0.0755905648911452,144.760796130344,0.000522175664349641
"487","26",12951170,0.557,0.0100463761917353,0.00559583153879656,1.38276008702032,144.760796130344,0.00955203427988384
"488","26",12951282,4.486,0.00453113442523948,0.0203266690316243,5.02282930501634,144.760796130344,0.0346974418439489
"489","26",12951108,2.602,0.0027688569993391,0.00720456591228034,1.78028700805937,144.760796130344,0.0122981294359309
"490","26",12951088,3.275,0.00177467002798879,0.00581204434166329,1.43618743415079,144.760796130344,0.00992110759640774
"491","26",12951118,2.063,0.00243582716823498,0.00502511144806876,1.24173208129005,144.760796130344,0.00857782020051883
"492","26",12951312,9.246,0.00380758701496166,0.0352049495403355,8.69933248569691,144.760796130344,0.0600945333145582
"493","26",12951196,0.186,0.00203686955050453,0.000378857736393843,0.0936177854733873,144.760796130344,0.000646706760227355
"494","26",12951336,1.746,0.00430069100478548,0.00750900649435545,1.85551591422713,144.760796130344,0.0128178067807558
"495","26",12951340,3.62,0.00371080369335759,0.0134331093699545,3.31939361515275,144.760796130344,0.0229301972901831
"496","26",12951230,2.314,0.00237645775061132,0.00549912323491459,1.35886294469852,144.760796130344,0.00938695407197811
"497","26",12951226,0.786,0.00213662715874045,0.00167938894676999,0.41498604632334,144.760796130344,0.00286670187935195
"498","26",12951192,2.606,0.00206056433386744,0.00536983065405855,1.32691405218522,144.760796130344,0.00916625279533868
"499","26",12951470,3.046,0.00369829489256104,0.0112650062427409,2.7836436648425,144.760796130344,0.0192292646852818
"500","26",12951194,1.695,0.00537183192672788,0.00910525511580376,2.24995753874655,144.760796130344,0.0155425888699912
"501","26",12951474,4.168,0.00858706811234482,0.0357908998922532,8.84412397092836,144.760796130344,0.0610947453132617
"502","26",12951164,1.755,0.00651875198767676,0.0114404097383727,2.82698681254126,144.760796130344,0.0195286768801397
"503","26",12951134,1.758,0.001920107940156,0.00337554975879425,0.834116510808251,144.760796130344,0.00576203318236248
"504","26",12951266,1.105,0.00222496528028092,0.00245858663471042,0.607529988240192,144.760796130344,0.0041967853485219
"505","26",12951472,6.335,0.0058154791988822,0.0368410607249187,9.10362436408605,144.760796130344,0.0628873604417668
"506","26",12951114,1.931,0.00501224096095493,0.00967863729560397,2.39164336101255,144.760796130344,0.0165213471115418
"507","26",12951286,2.123,0.00435706557639312,0.0092500502186826,2.285737187878,144.760796130344,0.0157897528127705
"508","26",12951216,8.72,0.00698695384615385,0.0609262375384616,15.0552011683007,144.760796130344,0.104000541381002
"509","26",12951220,1.018,0.0054473609243808,0.00554541342101965,1.3703014987942,144.760796130344,0.0094659710047489
"510","26",12951110,1.897,0.00134418762300013,0.00254992392083125,0.630099923169255,144.760796130344,0.00435269727725114
"511","26",12951190,0.391,0.000761620080758964,0.000297793451576755,0.0735863644502979,144.760796130344,0.000508330752644108
"512","26",12951188,0.584,0.00295902976571185,0.00172807338317572,0.427016232552891,144.760796130344,0.0029498057759257
"513","26",12951132,2.557,0.00531363132206632,0.0135869552905236,3.35740977004215,144.760796130344,0.023192810897635
"514","26",12951112,3.735,0.00226602164565856,0.00846359084653472,2.09139884471497,144.760796130344,0.0144472737137468
"515","26",12951310,1.918,0.00388426686865899,0.00745002385408794,1.84094098640388,144.760796130344,0.0127171239424953
"516","26",12951130,0.68,0.00167112387807955,0.00113636423709409,0.28080171829278,144.760796130344,0.00193976356720188
"517","26",12951262,5.972,0.00314798781274596,0.0187997832177189,4.64552760351444,144.760796130344,0.0320910614454729
"518","26",12951094,1.417,0.00328325350211653,0.00465237021249912,1.14962571608607,144.760796130344,0.00794155425237466
"519","26",12951222,3.493,0.00334161489395899,0.0116722608245988,2.88427846364672,144.760796130344,0.0199244446061881
"520","26",12951308,2.203,0.00211925973417652,0.00466872919439087,1.15366810854685,144.760796130344,0.00796947888783422
"521","26",12951272,0.366,0.00331077196858682,0.00121174254050278,0.299428102710931,144.760796130344,0.00206843365548586
"522","26",12951074,0.425,0.00275565907483191,0.00117115510680356,0.289398729423913,144.760796130344,0.00199915126995665
"523","26",12951260,1.261,0.00215133970289469,0.0027128393653502,0.670357206234005,144.760796130344,0.004630792480793
"524","26",12951184,0.044,0.0018071610239111,7.95150850520884e-05,0.0196486054241904,144.760796130344,0.00013573153747026
"525","26",12951250,2.808,0.00642862998396694,0.0180515929949792,4.46064577311434,144.760796130344,0.0308139074414729
"526","26",12951092,4.614,0.00408871779011685,0.0188653438835991,4.66172799686602,144.760796130344,0.0322029729144938
"527","26",12951322,3.528,0.00419121765945603,0.0147866159025609,3.65385236321076,144.760796130344,0.0252406208095236
"528","26",12951218,1.752,0.00283183230647954,0.00496137020095215,1.22598127610611,144.760796130344,0.00846901446301957
"529","26",12951480,0.739,0.00518860408960716,0.00383437842221969,0.947495542712064,144.760796130344,0.0065452495982333
"530","26",12951350,1.577,0.00171371946859945,0.00270253560198133,0.667811090856193,144.760796130344,0.00461320404907756
"531","26",12951354,2.931,0.00498942254651555,0.0146239974838371,3.61366847681843,144.760796130344,0.0249630326263518
"532","26",12951288,1.49,0.00240949611192778,0.00359014920677239,0.887145189263533,144.760796130344,0.00612835251655248
"533","26",12951484,2.05,0.00199912999020374,0.00409821647991767,1.01269134660508,144.760796130344,0.00699561879787704
"534","26",12951128,2.37,0.00212921110279809,0.00504623031363147,1.24695066662108,144.760796130344,0.00861386991474069
"535","26",12951268,0.937,0.00280947952474867,0.0026324823146895,0.650500546576916,144.760796130344,0.00449362371557559
"536","26",12951234,6.329,0.00435463819217245,0.0275605051182594,6.81034913067526,144.760796130344,0.0470455352051475
"537","26",12951478,1.48,0.0016528645208787,0.00244623949090048,0.604478942559007,144.760796130344,0.00417570888470887
"538","26",12951120,1.191,0.00269500603881742,0.00320975219223155,0.793147039876447,144.760796130344,0.00547901822232513
"539","26",12951346,5.086,0.00524656256211363,0.0266840171909099,6.5937642470362,144.760796130344,0.045549378169343
"540","26",12951100,0.214,0.0019936469905648,0.000426640455980867,0.105425152624478,144.760796130344,0.000728271434273903
"541","26",12951214,3.379,0.0108359211192174,0.0366145774618356,9.04765913096596,144.760796130344,0.0625007555417102
"542","26",12951292,2.96,0.0021921936798108,0.00648889329223997,1.60344045227869,144.760796130344,0.0110764826882752
"543","27",12951052,5.617,0.00401992280021621,0.0225799063688145,5.57961637675877,81.118130864278,0.0687838380558133
"544","27",12951060,9.257,0.00658794610989536,0.0609846171393013,15.0696270818361,81.118130864278,0.185773845147513
"545","27",12951022,2.654,0.00328199407296532,0.00871041226964996,2.15238974662813,81.118130864278,0.0265340155609525
"546","27",12951466,6.012,0.00694424089345582,0.0417487762514564,10.3163472814035,81.118130864278,0.12717683668851
"547","27",12951024,1.533,0.0048802590587413,0.00748143713705041,1.84870337767346,81.118130864278,0.0227902610424616
"548","27",12950990,0.886,0.00198814030252458,0.00176149230803678,0.435274228728906,81.118130864278,0.00536593020686313
"549","27",12951460,2.016,0.001388827324056,0.0027998758852969,0.691864398697007,81.118130864278,0.00852909690257278
"550","27",12951140,3.558,0.0089484279914701,0.0318385067936506,7.86746636658997,81.118130864278,0.0969877668871999
"551","27",12951018,3.931,0.0051959810456621,0.0204254014904977,5.04722662692945,81.118130864278,0.0622206968177578
"552","27",12951056,0.722,0.00127528777513777,0.00092075777364947,0.22752420089651,81.118130864278,0.00280485014228434
"553","27",12951458,2.305,0.00189061721829727,0.00435787268817521,1.07685379299688,81.118130864278,0.0132751307447974
"554","27",12951148,1.401,0.00910783490830948,0.0127600767065416,3.15308362212025,81.118130864278,0.0388702696736911
"555","27",12950992,0.57,0.00392554513892343,0.00223756072918635,0.552913297541543,81.118130864278,0.00681614938177809
"556","27",12951044,2.572,0.00561931991820471,0.0144528908296225,3.57138710175717,81.118130864278,0.0440269895731769
"557","27",12951138,4.377,0.00260704534516479,0.0114110374757863,2.81972876839029,81.118130864278,0.0347607709687997
"558","27",12951012,3.8,0.00426580239399641,0.0162100490971864,4.00559036576171,81.118130864278,0.049379717247968
"559","27",12951010,3.59,0.00275565907483191,0.00989281607864656,2.44456809089846,81.118130864278,0.0301359026009681
"560","27",12950988,1.748,0.00258340087359001,0.00451578472703534,1.11587470759767,81.118130864278,0.0137561688824497
"561","27",12951456,2.616,0.00655477302725706,0.0171472862393045,4.23718670729001,81.118130864278,0.0522347675192296
"562","27",12951102,1.345,0.00662464126758946,0.00891014250490782,2.20174416260205,81.118130864278,0.0271424420057937
"563","27",12951448,3.639,0.00302884302782598,0.0110219597782587,2.72358557552238,81.118130864278,0.0335755465085767
"564","27",12951454,4.076,0.00395112085111185,0.0161047685891319,3.97957498565786,81.118130864278,0.0490590074408426
"565","28",12951004,0.404,0.00565445977206052,0.00228440174791245,0.564487965342165,48.1639655873921,0.0117201305676942
"566","28",12950996,2.612,0.00181355048374323,0.00473699386353732,1.17053667565701,48.1639655873921,0.0243031623617683
"567","28",12950950,0.605,0.00199089662447949,0.00120449245781009,0.297636568261486,48.1639655873921,0.00617965245659503
"568","28",12950962,2.45,0.00334528621980362,0.00819595123851887,2.02526365728049,48.1639655873921,0.0420493543789643
"569","28",12951142,4.428,0.0070139150602669,0.0310576158868618,7.67450402118369,48.1639655873921,0.159341198914747
"570","28",12950998,2.449,0.00552351945105836,0.0135270991356419,3.34261899205696,48.1639655873921,0.0694008259347307
"571","28",12951034,1.569,0.00638971204788021,0.010025458203124,2.47734467366609,48.1639655873921,0.0514356457873267
"572","28",12951078,3.605,0.00286017222631154,0.0103109208758531,2.54788403630544,48.1639655873921,0.0529002129544831
"573","28",12951006,2.727,0.0027490228803963,0.00749658539484071,1.85244659369329,48.1639655873921,0.0384612556524667
"574","28",12950956,2.725,0.00242575272032608,0.00661017616288857,1.63341010229574,48.1639655873921,0.0339135302165261
"575","28",12951000,3.182,0.00198814030252458,0.00632626244263321,1.56325349414828,48.1639655873921,0.0324569099550535
"576","28",12950972,2.58,0.00179103076805443,0.00462085938158043,1.14183922019156,48.1639655873921,0.0237073340258856
"577","28",12951020,2.251,0.00237018257763594,0.0053352809822585,1.3183766423555,48.1639655873921,0.0273726763624425
"578","28",12951452,1.993,0.00205271357288489,0.00409105815075959,1.0109224849478,48.1639655873921,0.0209891870949354
"579","28",12951008,0.241,0.00337443269717116,0.00081323828001825,0.200955555407611,48.1639655873921,0.00417232163001577
"580","28",12950974,0.86,0.0050848254838432,0.00437294991610515,1.08057945715597,48.1639655873921,0.0224354337101934
"581","28",12951002,0.374,0.00371184311940311,0.00138822932665676,0.343038937327426,48.1639655873921,0.00712231505740514
"582","28",12951040,2.177,0.00157645652972588,0.00343194586521324,0.848052292198179,48.1639655873921,0.0176076093788293
"583","28",12951144,4.358,0.0035671741403904,0.0155457449038214,3.84143722465002,48.1639655873921,0.079757494587522
"584","28",12951444,7.317,0.00391791690201759,0.0286673979720627,7.0838683115576,48.1639655873921,0.147078178160063
"585","28",12950970,1.682,0.00240335544301719,0.00404244385515491,0.998909630887654,48.1639655873921,0.0207397712938558
"586","28",12951068,1.816,0.0021634810226846,0.00392888153719523,0.970847770987931,48.1639655873921,0.020157139453693
"587","28",12951066,2.543,0.00664516943969405,0.016898665885142,4.17575127983418,48.1639655873921,0.0866986600648031
"588","3",12952782,1.72,0.00338165807086962,0.00581645188189575,1.43727656106126,252.95145014096,0.00568202538574228
"589","3",12952858,1.223,0.027432,0.033549336,8.29022147025011,252.95145014096,0.0327739630100174
"590","3",12953300,0.981,0.00378450956650143,0.0037126038847379,0.91740439917464,252.95145014096,0.00362680031548902
"591","3",12953298,3.037,0.00361315596896288,0.0109731546777403,2.71152557254122,252.95145014096,0.0107195494274897
"592","3",12952790,1.349,0.00329204842754453,0.00444097332875757,1.09738840848815,252.95145014096,0.00433833610314
"593","3",12953332,1.725,0.00289115447052496,0.00498724146165556,1.23237420385126,252.95145014096,0.00487197920061144
"594","3",12952896,1.674,0.0022547342164907,0.00377442507840543,0.93268074881861,252.95145014096,0.00368719273322553
"595","3",12953310,1.718,0.1024128,0.1759451904,43.477003391105,252.95145014096,0.171878846185214
"596","3",12952720,1.06,0.00188762837082772,0.00200088607307738,0.494429716360125,252.95145014096,0.00195464274304258
"597","3",12952856,1.452,0.010418064,0.015127028928,3.73797025371829,252.95145014096,0.014777421721185
"598","3",12953326,1.769,0.0112023546450532,0.0198169653670991,4.89687878655863,252.95145014096,0.0193589670422122
"599","3",12952890,3.245,0.017526,0.05687187,14.053345131101,252.95145014096,0.0555574799957448
"600","3",12952736,0.678,0.0029276608478863,0.00198495405486691,0.490492828922685,252.95145014096,0.001939078936489
"601","3",12953322,1.909,0.009144,0.017455896,4.31344583993117,252.95145014096,0.0170524653546261
"602","3",12953324,1.054,0.00449900679333826,0.00474195316017853,1.17176214454535,252.95145014096,0.00463235986151637
"603","3",12952920,2.528,0.00250267009503474,0.00632675000024782,1.56337397225863,252.95145014096,0.00618052978699042
"604","3",12953296,1.908,0.00219692224521127,0.0041917276438631,1.03579845844325,252.95145014096,0.00409485084140076
"605","3",12953308,4.431,0.0265879384615385,0.117811155323077,29.1117704771964,252.95145014096,0.115088371547084
"606","3",12953314,15.997,0.0209309368421053,0.334832196663158,82.7388376839387,252.95145014096,0.327093747190741
"607","3",12953330,2.916,0.00337322611346185,0.00983632734685476,2.43060942128045,252.95145014096,0.0096089957971222
"608","3",12952874,0.886,0.00349069799176531,0.00309275842070406,0.764237249333866,252.95145014096,0.00302128036391167
"609","3",12953312,0.779,0.0438912,0.0341912448,8.44884058914123,252.95145014096,0.0334010363824086
"610","3",12953306,3.051,0.00521557327565356,0.015912714064019,3.93211727896735,252.95145014096,0.0155449485534719
"611","3",12953318,4.721,0.0196088,0.0925731448,22.8753222594191,252.95145014096,0.0904336474318355
"612","3",12953316,2.976,0.0146812,0.0436912512,10.7963432945537,252.95145014096,0.0426814840892881
"613","4",12953286,15.184,0.00858740869565217,0.130391213634783,32.2203705851896,55.818384221185,0.577235816384682
"614","4",12952560,0.293,0.00587928954532555,0.00172263183678039,0.425671597155101,55.818384221185,0.00762601073274249
"615","4",12953604,0.126,0.0056062579398047,0.000706388500415392,0.174552399859164,55.818384221185,0.00312714891866962
"616","4",12952566,3.947,0.00644751336723115,0.0254483352604613,6.28842059224062,55.818384221185,0.112658592325464
"617","4",12953288,1.889,0.00722376,0.01364568264,3.37192161413708,55.818384221185,0.060408800096677
"618","4",12952558,5.462,0.0045235173388967,0.0247074517050538,6.10534427865888,55.818384221185,0.109378735408498
"619","4",12953292,3.298,0.008874252,0.029267283096,7.2321031539446,55.818384221185,0.129564896133266
"620","5",12952980,1.093,0.0188976,0.0206550768,5.1039806318976,118.809851408528,0.0429592375664839
"621","5",12952978,2.078,0.00473464211974211,0.0098385863248241,2.4311676268933,118.809851408528,0.0204626771102821
"622","5",12953018,3.425,0.00809354642335655,0.0277203964999962,6.84985915155263,118.809851408528,0.0576539661513369
"623","5",12953004,1.221,0.0019602418334457,0.0023934552786372,0.591435679652246,118.809851408528,0.00497800201448442
"624","5",12953348,5.353,0.0176862153846154,0.0946743109538462,23.3945317233912,118.809851408528,0.196907339299239
"625","5",12953000,2.961,0.00237854372529257,0.0070428679705913,1.74033057649584,118.809851408528,0.0146480325988433
"626","5",12953012,1.477,0.0019602418334457,0.0028952771879993,0.715438573993749,118.809851408528,0.00602171087255814
"627","5",12953024,2.627,0.0192024,0.0504447048,12.4651580226025,118.809851408528,0.104916872421135
"628","5",12953364,5.541,0.00301881872602199,0.0167272745608878,4.1333995612742,118.809851408528,0.0347900406596882
"629","5",12952992,0.571,0.02286,0.01305306,3.2254813706138,118.809851408528,0.0271482653363733
"630","5",12953002,1.508,0.00228167783836414,0.00344077018025312,0.850232827932295,118.809851408528,0.00715624855895803
"631","5",12952968,7.894,0.0182946260869565,0.144417778330435,35.6864102049826,118.809851408528,0.300365750667214
"632","5",12953022,3.041,0.00857474000728085,0.0260757843621411,6.44346664186241,118.809851408528,0.054233437425206
"633","5",12953026,4.318,0.00328953934387763,0.0142042308868636,3.50994189174612,118.809851408528,0.0295425156258902
"634","5",12953010,1.649,0.01947672,0.03211711128,7.9363110344678,118.809851408528,0.0667984257229544
"635","5",12953346,1.746,0.00865161786971127,0.0151057248005159,3.7327058891695,118.809851408528,0.0314174779693528
"636","6",12955138,1.303,0.00539217362495187,0.00702600223331229,1.73616296205179,89.7746033424797,0.0193391326434329
"637","6",12954940,1.009,0.00569777696524692,0.00574905695793414,1.42062291266678,89.7746033424797,0.0158243295962809
"638","6",12953052,9.004,0.0180932666666667,0.162911773066667,40.256375829131,89.7746033424797,0.448416081278105
"639","6",12954896,0.121,0.0150924255711494,0.00182618349410908,0.451259768940865,89.7746033424797,0.0050265860515068
"640","6",12953360,2.264,0.00201273559329597,0.00455683338322208,1.1260180514434,89.7746033424797,0.0125427237717529
"641","6",12953368,4.344,0.00425910615483706,0.0185015571366122,4.57183433397911,89.7746033424797,0.0509256979564487
"642","6",12953066,0.101,0.0150927731007583,0.00152437008317659,0.376680050900486,89.7746033424797,0.00419584199624358
"643","6",12953068,2.206,0.0128016,0.0282403296,6.97833741856648,89.7746033424797,0.0777317544021323
"644","6",12954900,0.09,0.0146304,0.001316736,0.32537255157155,89.7746033424797,0.00362432736494853
"645","6",12953054,0.575,0.010093278262636,0.0058036350010157,1.43410944082218,89.7746033424797,0.0159745561375662
"646","6",12953064,0.341,0.0150919621788659,0.00514635910299327,1.27169302931217,89.7746033424797,0.014165398475344
"647","6",12953036,3.049,0.0044438647379722,0.0135493435860772,3.34811571546731,89.7746033424797,0.0372946868135371
"648","6",12954926,1.211,0.00360881615228345,0.00437027636041526,1.07991880715735,89.7746033424797,0.0120292239336061
"649","6",12954898,0.212,0.0155448,0.0032954976,0.814335191572128,89.7746033424797,0.00907088598838508
"650","6",12955132,1.067,0.00611909325153873,0.00652907249939182,1.613368950589,89.7746033424797,0.0179713292013575
"651","6",12954924,5.98,0.0155448,0.092957904,22.9703983283081,89.7746033424797,0.255867444389353
"652","7",12953354,1.959,0.00930115331698492,0.0182209593479735,4.5024971103787,43.6630216042071,0.103119228696368
"653","7",12953370,8.174,0.00899182080195923,0.0734991432352147,18.1620338266476,43.6630216042071,0.415959160849683
"654","7",12953040,0.783,0.00438523016636011,0.00343363522025997,0.848469740921433,43.6630216042071,0.0194322268534819
"655","7",12953352,4.149,0.00759653325675673,0.0315180164822837,7.78827148594311,43.6630216042071,0.178372251846003
"656","7",12953358,4.434,0.0100125695408515,0.0443957333441356,10.9704246235172,43.6630216042071,0.251252071442992
"657","7",12953056,1.677,0.00335747869439962,0.00563049177050816,1.39132481679916,43.6630216042071,0.0318650603114718
"658","8",12954922,1.105,0.00343039810678603,0.00379058990799856,0.936675165201572,165.184016022545,0.0056704951711171
"659","8",12955142,2.078,0.00597771022432343,0.0124216818461441,3.0694644310552,165.184016022545,0.0185820910822041
"660","8",12954912,0.891,0.00428911076364155,0.00382159769040462,0.944337355101472,165.184016022545,0.00571688095398155
"661","8",12954906,1.118,0.0102108,0.0114156744,2.82087457731696,165.184016022545,0.0170771642755795
"662","8",12955136,8.025,0.0117625090909091,0.0943941354545455,23.3252988497588,165.184016022545,0.141207965585334
"663","8",12954920,1.503,0.00418777789683182,0.00629423017893822,1.55533814940867,165.184016022545,0.00941579086681362
"664","8",12955120,1.919,0.0103632,0.0198869808,4.91417997681419,165.184016022545,0.029749730604343
"665","8",12954916,0.365,0.00424566404559472,0.00154966737664207,0.382931148252361,165.184016022545,0.00231820945799076
"666","8",12954910,3.49,0.0043048150070451,0.0150238043745874,3.71246291107049,165.184016022545,0.0224747103288964
"667","8",12955126,8.749,0.00563828393975798,0.0493293461889426,12.1895469075445,165.184016022545,0.0737937434932011
"668","8",12955130,2.842,0.00350892743586589,0.00997237177273086,2.46422673103305,165.184016022545,0.014918070103688
"669","8",12954904,2.321,0.0111838153846154,0.0259576355076923,6.41427142411395,165.184016022545,0.0388310659745584
"670","8",12954918,3.236,0.00404002582994899,0.0130735235857149,3.23053803276807,165.184016022545,0.019557207232007
"671","8",12955134,3.725,0.00680473451323355,0.025347636061795,6.26353727834073,165.184016022545,0.037918543386703
"672","8",12954938,1.357,0.00295902976571185,0.00401540339207098,0.99222778694225,165.184016022545,0.0060068026606571
"673","8",12955140,1.079,0.00458390231113927,0.00494603059371927,1.22219077660927,165.184016022545,0.00739896514225965
"674","8",12954908,1.416,0.00642510721177759,0.00909795181187707,2.24815285304377,165.184016022545,0.0136099902834239
"675","8",12955114,0.41,0.0140803612390104,0.00577294810799426,1.42652654441607,165.184016022545,0.00863598415128358
"676","8",12955118,4.996,0.0113224235294118,0.0565668279529414,13.9779675996991,165.184016022545,0.0846205821620859
"677","8",12954894,0.357,0.0123444,0.0044069508,1.08898125854103,165.184016022545,0.00659253410083213
"678","8",12954942,1.567,0.00447118038173705,0.00700633965818196,1.73130423392358,165.184016022545,0.0104810639407586
"679","8",12955124,3.532,0.00811835535385466,0.0286740311098147,7.08550739559212,165.184016022545,0.0428946308862297
"680","8",12953062,2.259,0.00256127069489898,0.0057859104997768,1.42972962118222,165.184016022545,0.00865537511200288
"681","8",12954902,0.757,0.0112014,0.0084794598,2.09532014851449,165.184016022545,0.0126847633261835
"682","8",12954932,4.009,0.00553188059783836,0.022177309316734,5.48013247862687,165.184016022545,0.0331759247085924
"683","8",12954934,2.477,0.00416531090554596,0.0103174751130373,2.54950362358508,165.184016022545,0.0154343240040677
"684","8",12954936,1.582,0.00660105799662649,0.0104428737506631,2.58049030177106,165.184016022545,0.0156219128454829
"685","8",12955116,3.929,0.01298448,0.05101602192,12.6063335574789,165.184016022545,0.0763169092326603
"686","8",12954914,1.029,0.00721192867838151,0.00742107461005457,1.83378747241383,165.184016022545,0.0111014825560576
"687","8",12955146,2.431,0.00230156358477055,0.00559510107457721,1.38257958538075,165.184016022545,0.00836993565522736
"688","8",12955122,2.488,0.00319056636315428,0.00793812911152785,1.9615544222397,165.184016022545,0.0118749650811975
"689","8",12955150,0.73,0.00574216100834812,0.00419177753609413,1.03581078708203,165.184016022545,0.00627064780251294
"690","8",12955144,2.005,0.00631119657466692,0.0126539491322072,3.12685892738016,165.184016022545,0.0189295490124988
"691","8",12955128,4.708,0.011558016,0.054415139328,13.4462737612344,165.184016022545,0.0814017850213739
"692","8",12955158,2.916,0.01046988,0.03053017008,7.54416932387584,165.184016022545,0.0456713034682858
"693","8",12955148,1.852,0.00339723076568579,0.00629167137805008,1.55470585593911,165.184016022545,0.00941196305414271
"694","8",12954928,0.165,0.009144,0.00150876,0.3728227153424,165.184016022545,0.00225701447585289
"695","8",12955152,2.021,0.00572320518582353,0.0115665976805494,2.85816853212938,165.184016022545,0.0173029364520311
"696","8",12955154,1.516,0.00354829631573467,0.00537921721465376,1.32923352182176,165.184016022545,0.00804698634788211
"697","9",12952706,0.689,0.00136430973843874,0.000940009409784292,0.232281383787472,270.717018599605,0.000858022835021762
"698","9",12952880,3.815,0.0246888,0.094187772,23.2743053296024,270.717018599605,0.0859728193299346
"699","9",12952780,0.173,0.0289417103042454,0.00500691588263445,1.2372358591524,270.717018599605,0.0045702182506017
"700","9",12952778,0.278,0.02286,0.00635508,1.57037446765435,270.717018599605,0.00580079699376773
"701","9",12953290,6.137,0.00413300800870152,0.0253642701494012,6.26764765090403,270.717018599605,0.0231520267300741
"702","9",12952664,0.66,0.0034861172995616,0.00230083741771066,0.568549307797319,270.717018599605,0.00210016093830515
"703","9",12952760,3.466,0.03429,0.11884914,29.3682620767445,270.717018599605,0.108483250253951
"704","9",12952704,1.111,0.0040976358095224,0.00455247338437939,1.12494067226619,270.717018599605,0.00415541172138125
"705","9",12952812,5.331,0.0286332705882353,0.152643965505882,37.7191453249919,270.717018599605,0.139330528683086
"706","9",12953282,2.347,0.00256312630681765,0.00601565744210102,1.48650132700617,270.717018599605,0.00549097849368948
"707","9",12952836,2.976,0.0315468,0.0938832768,23.1990629270515,270.717018599605,0.0856948818624634
"708","9",12952834,4.859,0.0304038,0.1477320642,36.5053880790728,270.717018599605,0.134847037943576
"709","9",12952774,0.739,0.0306324,0.0226373436,5.5938094256813,270.717018599605,0.0206629396800303
"710","9",12952886,4.048,0.0301752,0.1221492096,30.1837270341207,270.717018599605,0.111495491455463
"711","9",12952702,3.998,0.0023146728567667,0.00925406208135327,2.28672854073363,270.717018599605,0.00844693308371476
"712","9",12952772,6.468,0.03877056,0.25076798208,61.9661178716297,270.717018599605,0.228896277715287
"713","9",12952670,0.368,0.0033696023057093,0.00124001364850102,0.306414045637337,270.717018599605,0.00113186103785565
"714","9",12952672,2.808,0.00335990889282206,0.00943462417104434,2.33134640478525,270.717018599605,0.00861174674885642
"715","9",12952770,0.64,0.0347472,0.022238208,5.49518087098617,270.717018599605,0.0202986162429398
